class_id,arabic_gloss,original_label,dataset_source,num_samples,selected,notes
0001,0,0,KArSL official raw health test archives,0,false,"Local usable extracted clips, not full corpus count. Not in selected local training data."
0002,1,1,KArSL official raw health test archives,0,false,"Local usable extracted clips, not full corpus count. Not in selected local training data."
0003,2,2,KArSL official raw health test archives,0,false,"Local usable extracted clips, not full corpus count. Not in selected local training data."
0004,3,3,KArSL official raw health test archives,0,false,"Local usable extracted clips, not full corpus count. Not in selected local training data."
0005,4,4,KArSL official raw health test archives,0,false,"Local usable extracted clips, not full corpus count. Not in selected local training data."
0006,5,5,KArSL official raw health test archives,0,false,"Local usable extracted clips, not full corpus count. Not in selected local training data."
0007,6,6,KArSL official raw health test archives,0,false,"Local usable extracted clips, not full corpus count. Not in selected local training data."
0008,7,7,KArSL official raw health test archives,0,false,"Local usable extracted clips, not full corpus count. Not in selected local training data."
0009,8,8,KArSL official raw health test archives,0,false,"Local usable extracted clips, not full corpus count. Not in selected local training data."
0010,9,9,KArSL official raw health test archives,0,false,"Local usable extracted clips, not full corpus count. Not in selected local training data."
0011,10,10,KArSL official raw health test archives,0,false,"Local usable extracted clips, not full corpus count. Not in selected local training data."
0012,20,20,KArSL official raw health test archives,0,false,"Local usable extracted clips, not full corpus count. Not in selected local training data."
0013,30,30,KArSL official raw health test archives,0,false,"Local usable extracted clips, not full corpus count. Not in selected local training data."
0014,40,40,KArSL official raw health test archives,0,false,"Local usable extracted clips, not full corpus count. Not in selected local training data."
0015,50,50,KArSL official raw health test archives,0,false,"Local usable extracted clips, not full corpus count. Not in selected local training data."
0016,60,60,KArSL official raw health test archives,0,false,"Local usable extracted clips, not full corpus count. Not in selected local training data."
0017,70,70,KArSL official raw health test archives,0,false,"Local usable extracted clips, not full corpus count. Not in selected local training data."
0018,80,80,KArSL official raw health test archives,0,false,"Local usable extracted clips, not full corpus count. Not in selected local training data."
0019,90,90,KArSL official raw health test archives,0,false,"Local usable extracted clips, not full corpus count. Not in selected local training data."
0020,100,100,KArSL official raw health test archives,0,false,"Local usable extracted clips, not full corpus count. Not in selected local training data."
0021,200,200,KArSL official raw health test archives,0,false,"Local usable extracted clips, not full corpus count. Not in selected local training data."
0022,300,300,KArSL official raw health test archives,0,false,"Local usable extracted clips, not full corpus count. Not in selected local training data."
0023,400,400,KArSL official raw health test archives,0,false,"Local usable extracted clips, not full corpus count. Not in selected local training data."
0024,500,500,KArSL official raw health test archives,0,false,"Local usable extracted clips, not full corpus count. Not in selected local training data."
0025,600,600,KArSL official raw health test archives,0,false,"Local usable extracted clips, not full corpus count. Not in selected local training data."
0026,700,700,KArSL official raw health test archives,0,false,"Local usable extracted clips, not full corpus count. Not in selected local training data."
0027,800,800,KArSL official raw health test archives,0,false,"Local usable extracted clips, not full corpus count. Not in selected local training data."
0028,900,900,KArSL official raw health test archives,0,false,"Local usable extracted clips, not full corpus count. Not in selected local training data."
0029,1000,1000,KArSL official raw health test archives,0,false,"Local usable extracted clips, not full corpus count. Not in selected local training data."
0030,1000000,1000000,KArSL official raw health test archives,0,false,"Local usable extracted clips, not full corpus count. Not in selected local training data."
0031,10000000,10000000,KArSL official raw health test archives,0,false,"Local usable extracted clips, not full corpus count. Not in selected local training data."
0032,ا,ا,KArSL official raw health test archives,0,false,"Local usable extracted clips, not full corpus count. Not in selected local training data."
0033,ب,ب,KArSL official raw health test archives,0,false,"Local usable extracted clips, not full corpus count. Not in selected local training data."
0034,ت,ت,KArSL official raw health test archives,0,false,"Local usable extracted clips, not full corpus count. Not in selected local training data."
0035,ث,ث,KArSL official raw health test archives,0,false,"Local usable extracted clips, not full corpus count. Not in selected local training data."
0036,ج,ج,KArSL official raw health test archives,0,false,"Local usable extracted clips, not full corpus count. Not in selected local training data."
0037,ح,ح,KArSL official raw health test archives,0,false,"Local usable extracted clips, not full corpus count. Not in selected local training data."
0038,خ,خ,KArSL official raw health test archives,0,false,"Local usable extracted clips, not full corpus count. Not in selected local training data."
0039,د,د,KArSL official raw health test archives,0,false,"Local usable extracted clips, not full corpus count. Not in selected local training data."
0040,ذ,ذ,KArSL official raw health test archives,0,false,"Local usable extracted clips, not full corpus count. Not in selected local training data."
0041,ر,ر,KArSL official raw health test archives,0,false,"Local usable extracted clips, not full corpus count. Not in selected local training data."
0042,ز,ز,KArSL official raw health test archives,0,false,"Local usable extracted clips, not full corpus count. Not in selected local training data."
0043,س,س,KArSL official raw health test archives,0,false,"Local usable extracted clips, not full corpus count. Not in selected local training data."
0044,ش,ش,KArSL official raw health test archives,0,false,"Local usable extracted clips, not full corpus count. Not in selected local training data."
0045,ص,ص,KArSL official raw health test archives,0,false,"Local usable extracted clips, not full corpus count. Not in selected local training data."
0046,ض,ض,KArSL official raw health test archives,0,false,"Local usable extracted clips, not full corpus count. Not in selected local training data."
0047,ط,ط,KArSL official raw health test archives,0,false,"Local usable extracted clips, not full corpus count. Not in selected local training data."
0048,ظ,ظ,KArSL official raw health test archives,0,false,"Local usable extracted clips, not full corpus count. Not in selected local training data."
0049,ع,ع,KArSL official raw health test archives,0,false,"Local usable extracted clips, not full corpus count. Not in selected local training data."
0050,غ,غ,KArSL official raw health test archives,0,false,"Local usable extracted clips, not full corpus count. Not in selected local training data."
0051,ف,ف,KArSL official raw health test archives,0,false,"Local usable extracted clips, not full corpus count. Not in selected local training data."
0052,ق,ق,KArSL official raw health test archives,0,false,"Local usable extracted clips, not full corpus count. Not in selected local training data."
0053,ك,ك,KArSL official raw health test archives,0,false,"Local usable extracted clips, not full corpus count. Not in selected local training data."
0054,ل,ل,KArSL official raw health test archives,0,false,"Local usable extracted clips, not full corpus count. Not in selected local training data."
0055,م,م,KArSL official raw health test archives,0,false,"Local usable extracted clips, not full corpus count. Not in selected local training data."
0056,ن,ن,KArSL official raw health test archives,0,false,"Local usable extracted clips, not full corpus count. Not in selected local training data."
0057,ه,ه,KArSL official raw health test archives,0,false,"Local usable extracted clips, not full corpus count. Not in selected local training data."
0058,و,و,KArSL official raw health test archives,0,false,"Local usable extracted clips, not full corpus count. Not in selected local training data."
0059,ي,ي,KArSL official raw health test archives,0,false,"Local usable extracted clips, not full corpus count. Not in selected local training data."
0060,ة,ة,KArSL official raw health test archives,0,false,"Local usable extracted clips, not full corpus count. Not in selected local training data."
0061,أ,أ,KArSL official raw health test archives,0,false,"Local usable extracted clips, not full corpus count. Not in selected local training data."
0062,ؤ,ؤ,KArSL official raw health test archives,0,false,"Local usable extracted clips, not full corpus count. Not in selected local training data."
0063,ئ,ئ,KArSL official raw health test archives,0,false,"Local usable extracted clips, not full corpus count. Not in selected local training data."
0064,ئـ,ئـ,KArSL official raw health test archives,0,false,"Local usable extracted clips, not full corpus count. Not in selected local training data."
0065,ء,ء,KArSL official raw health test archives,0,false,"Local usable extracted clips, not full corpus count. Not in selected local training data."
0066,إ,إ,KArSL official raw health test archives,0,false,"Local usable extracted clips, not full corpus count. Not in selected local training data."
0067,آ,آ,KArSL official raw health test archives,0,false,"Local usable extracted clips, not full corpus count. Not in selected local training data."
0068,ى,ى,KArSL official raw health test archives,0,false,"Local usable extracted clips, not full corpus count. Not in selected local training data."
0069,لا,لا,KArSL official raw health test archives,0,false,"Local usable extracted clips, not full corpus count. Not in selected local training data."
0070,ال,ال,KArSL official raw health test archives,0,false,"Local usable extracted clips, not full corpus count. Not in selected local training data."
0071,هيكل عظمي,هيكل عظمي,KArSL official raw health test archives,0,false,"Local usable extracted clips, not full corpus count. Not in selected local training data."
0072,جمجة,جمجة,KArSL official raw health test archives,0,false,"Local usable extracted clips, not full corpus count. Not in selected local training data."
0073,عمود فقري,عمود فقري,KArSL official raw health test archives,0,false,"Local usable extracted clips, not full corpus count. Not in selected local training data."
0074,قفص صدري,قفص صدري,KArSL official raw health test archives,0,false,"Local usable extracted clips, not full corpus count. Not in selected local training data."
0075,جهاز تنفسي,جهاز تنفسي,KArSL official raw health test archives,0,false,"Local usable extracted clips, not full corpus count. Not in selected local training data."
0076,قصبة هوائية,قصبة هوائية,KArSL official raw health test archives,0,false,"Local usable extracted clips, not full corpus count. Not in selected local training data."
0077,رئتان,رئتان,KArSL official raw health test archives,0,false,"Local usable extracted clips, not full corpus count. Not in selected local training data."
0078,شهيق - زفير,شهيق - زفير,KArSL official raw health test archives,0,false,"Local usable extracted clips, not full corpus count. Not in selected local training data."
0079,جهاز هضمي,جهاز هضمي,KArSL official raw health test archives,0,false,"Local usable extracted clips, not full corpus count. Not in selected local training data."
0080,وجه,وجه,KArSL official raw health test archives,0,false,"Local usable extracted clips, not full corpus count. Not in selected local training data."
0081,بلعوم,بلعوم,KArSL official raw health test archives,0,false,"Local usable extracted clips, not full corpus count. Not in selected local training data."
0082,كبد,كبد,KArSL official raw health test archives,0,false,"Local usable extracted clips, not full corpus count. Not in selected local training data."
0083,البنكرياس,البنكرياس,KArSL official raw health test archives,0,false,"Local usable extracted clips, not full corpus count. Not in selected local training data."
0084,الأمعاء الدقيقة,الأمعاء الدقيقة,KArSL official raw health test archives,0,false,"Local usable extracted clips, not full corpus count. Not in selected local training data."
0085,الأمعاء الغليظة,الأمعاء الغليظة,KArSL official raw health test archives,0,false,"Local usable extracted clips, not full corpus count. Not in selected local training data."
0086,الزائدة الدودية,الزائدة الدودية,KArSL official raw health test archives,0,false,"Local usable extracted clips, not full corpus count. Not in selected local training data."
0087,جهاز عصبي,جهاز عصبي,KArSL official raw health test archives,0,false,"Local usable extracted clips, not full corpus count. Not in selected local training data."
0088,قلب,قلب,KArSL official raw health test archives,24,true,"Local usable extracted clips, not full corpus count. No claim of Saudi expert semantic verification."
0089,حواس خمس,حواس خمس,KArSL official raw health test archives,0,false,"Local usable extracted clips, not full corpus count. Not in selected local training data."
0090,عضلة,عضلة,KArSL official raw health test archives,0,false,"Local usable extracted clips, not full corpus count. Not in selected local training data."
0091,أنسجة,أنسجة,KArSL official raw health test archives,0,false,"Local usable extracted clips, not full corpus count. Not in selected local training data."
0092,مستشفى,مستشفى,KArSL official raw health test archives,24,true,"Local usable extracted clips, not full corpus count. No claim of Saudi expert semantic verification."
0093,إسعافات أولية,إسعافات أولية,KArSL official raw health test archives,0,false,"Local usable extracted clips, not full corpus count. Not in selected local training data."
0094,جرح نازف,جرح نازف,KArSL official raw health test archives,0,false,"Local usable extracted clips, not full corpus count. Not in selected local training data."
0095,حروق,حروق,KArSL official raw health test archives,0,false,"Local usable extracted clips, not full corpus count. Not in selected local training data."
0096,مخدر/ بنج,مخدر/ بنج,KArSL official raw health test archives,0,false,"Local usable extracted clips, not full corpus count. Not in selected local training data."
0097,عملية جراحية,عملية جراحية,KArSL official raw health test archives,0,false,"Local usable extracted clips, not full corpus count. Not in selected local training data."
0098,شاش / ضمادة,شاش / ضمادة,KArSL official raw health test archives,0,false,"Local usable extracted clips, not full corpus count. Not in selected local training data."
0099,شريط لاصق / بلاستر,شريط لاصق / بلاستر,KArSL official raw health test archives,0,false,"Local usable extracted clips, not full corpus count. Not in selected local training data."
0100,صيدلية,صيدلية,KArSL official raw health test archives,24,true,"Local usable extracted clips, not full corpus count. No claim of Saudi expert semantic verification."
0101,تحليل دم,تحليل دم,KArSL official raw health test archives,24,true,"Local usable extracted clips, not full corpus count. No claim of Saudi expert semantic verification."
0102,فحص سريري,فحص سريري,KArSL official raw health test archives,0,false,"Local usable extracted clips, not full corpus count. Not in selected local training data."
0103,فحص النظر,فحص النظر,KArSL official raw health test archives,24,true,"Local usable extracted clips, not full corpus count. No claim of Saudi expert semantic verification."
0104,ميزان حرارة,ميزان حرارة,KArSL official raw health test archives,0,false,"Local usable extracted clips, not full corpus count. Not in selected local training data."
0105,سماعة أذن,سماعة أذن,KArSL official raw health test archives,0,false,"Local usable extracted clips, not full corpus count. Not in selected local training data."
0106,جهاز قياس الضغط,جهاز قياس الضغط,KArSL official raw health test archives,0,false,"Local usable extracted clips, not full corpus count. Not in selected local training data."
0107,نبض القلب,نبض القلب,KArSL official raw health test archives,0,false,"Local usable extracted clips, not full corpus count. Not in selected local training data."
0108,تحليل طبي,تحليل طبي,KArSL official raw health test archives,24,true,"Local usable extracted clips, not full corpus count. No claim of Saudi expert semantic verification."
0109,مختبر,معمل التحاليل / مختبر,KArSL official raw health test archives,24,true,"Local usable extracted clips, not full corpus count. Canonical Arabic alias/spelling of workbook label. No claim of Saudi expert semantic verification."
0110,أشعة,صورة اشعة,KArSL official raw health test archives,24,true,"Local usable extracted clips, not full corpus count. Canonical Arabic alias/spelling of workbook label. No claim of Saudi expert semantic verification."
0111,التهاب,التهاب,KArSL official raw health test archives,0,false,"Local usable extracted clips, not full corpus count. Not in selected local training data."
0112,تورم,تورم,KArSL official raw health test archives,0,false,"Local usable extracted clips, not full corpus count. Not in selected local training data."
0113,زكام,زكام,KArSL official raw health test archives,0,false,"Local usable extracted clips, not full corpus count. Not in selected local training data."
0114,عدوى,عدوى,KArSL official raw health test archives,0,false,"Local usable extracted clips, not full corpus count. Not in selected local training data."
0115,صداع,صداع,KArSL official raw health test archives,24,true,"Local usable extracted clips, not full corpus count. No claim of Saudi expert semantic verification."
0116,ألم,ألم,KArSL official raw health test archives,24,true,"Local usable extracted clips, not full corpus count. No claim of Saudi expert semantic verification."
0117,حمى,حمى,KArSL official raw health test archives,0,false,"Local usable extracted clips, not full corpus count. Not in selected local training data."
0118,إسهال,إسهال,KArSL official raw health test archives,0,false,"Local usable extracted clips, not full corpus count. Not in selected local training data."
0119,إمساك,إمساك,KArSL official raw health test archives,0,false,"Local usable extracted clips, not full corpus count. Not in selected local training data."
0120,مغص,مغص,KArSL official raw health test archives,0,false,"Local usable extracted clips, not full corpus count. Not in selected local training data."
0121,مرض السكر / سكري,مرض السكر / سكري,KArSL official raw health test archives,0,false,"Local usable extracted clips, not full corpus count. Not in selected local training data."
0122,أزمة قلبية,أزمة قلبية,KArSL official raw health test archives,0,false,"Local usable extracted clips, not full corpus count. Not in selected local training data."
0123,سرطان,سرطان,KArSL official raw health test archives,0,false,"Local usable extracted clips, not full corpus count. Not in selected local training data."
0124,مرض فقدان المناعة / الإيدز,مرض فقدان المناعة / الإيدز,KArSL official raw health test archives,0,false,"Local usable extracted clips, not full corpus count. Not in selected local training data."
0125,تساقط الشعر,تساقط الشعر,KArSL official raw health test archives,0,false,"Local usable extracted clips, not full corpus count. Not in selected local training data."
0126,سكتة قلبية,سكتة قلبية,KArSL official raw health test archives,0,false,"Local usable extracted clips, not full corpus count. Not in selected local training data."
0127,شلل نصفي,شلل نصفي,KArSL official raw health test archives,0,false,"Local usable extracted clips, not full corpus count. Not in selected local training data."
0128,شلل دماغي,شلل دماغي,KArSL official raw health test archives,0,false,"Local usable extracted clips, not full corpus count. Not in selected local training data."
0129,ضغط الدم,ضغط الدم,KArSL official raw health test archives,24,true,"Local usable extracted clips, not full corpus count. No claim of Saudi expert semantic verification."
0130,حساسية,حساسية,KArSL official raw health test archives,0,false,"Local usable extracted clips, not full corpus count. Not in selected local training data."
0131,حكة / هرش,حكة / هرش,KArSL official raw health test archives,0,false,"Local usable extracted clips, not full corpus count. Not in selected local training data."
0132,دواء,دواء,KArSL official raw health test archives,24,true,"Local usable extracted clips, not full corpus count. No claim of Saudi expert semantic verification."
0133,دورة شهرية,دورة شهرية,KArSL official raw health test archives,0,false,"Local usable extracted clips, not full corpus count. Not in selected local training data."
0134,مريض / مرض,مريض / مرض,KArSL official raw health test archives,0,false,"Local usable extracted clips, not full corpus count. Not in selected local training data."
0135,كبسولة,كبسولة,KArSL official raw health test archives,0,false,"Local usable extracted clips, not full corpus count. Not in selected local training data."
0136,دواء شراب,دواء شراب,KArSL official raw health test archives,0,false,"Local usable extracted clips, not full corpus count. Not in selected local training data."
0137,مرهم,مرهم,KArSL official raw health test archives,0,false,"Local usable extracted clips, not full corpus count. Not in selected local training data."
0138,قطارة,قطارة,KArSL official raw health test archives,0,false,"Local usable extracted clips, not full corpus count. Not in selected local training data."
0139,أخذ إبرة,أخذ إبرة,KArSL official raw health test archives,0,false,"Local usable extracted clips, not full corpus count. Not in selected local training data."
0140,تلقيح,تلقيح,KArSL official raw health test archives,0,false,"Local usable extracted clips, not full corpus count. Not in selected local training data."
0141,تطعيم,تطعيم,KArSL official raw health test archives,0,false,"Local usable extracted clips, not full corpus count. Not in selected local training data."
0142,أشعة ليزر,أشعة ليزر,KArSL official raw health test archives,0,false,"Local usable extracted clips, not full corpus count. Not in selected local training data."
0143,مخدرات,مخدرات,KArSL official raw health test archives,0,false,"Local usable extracted clips, not full corpus count. Not in selected local training data."
0144,إدمان,إدمان,KArSL official raw health test archives,0,false,"Local usable extracted clips, not full corpus count. Not in selected local training data."
0145,توحد / أوتيزم,توحد / أوتيزم,KArSL official raw health test archives,0,false,"Local usable extracted clips, not full corpus count. Not in selected local training data."
0146,منغولي,منغولي,KArSL official raw health test archives,0,false,"Local usable extracted clips, not full corpus count. Not in selected local training data."
0147,بكتريا,بكتريا,KArSL official raw health test archives,0,false,"Local usable extracted clips, not full corpus count. Not in selected local training data."
0148,جرثومة,جرثومة,KArSL official raw health test archives,0,false,"Local usable extracted clips, not full corpus count. Not in selected local training data."
0149,فيروس,فيروس,KArSL official raw health test archives,0,false,"Local usable extracted clips, not full corpus count. Not in selected local training data."
0150,إنتشار,إنتشار,KArSL official raw health test archives,0,false,"Local usable extracted clips, not full corpus count. Not in selected local training data."
0151,إعاقة,إعاقة,KArSL official raw health test archives,0,false,"Local usable extracted clips, not full corpus count. Not in selected local training data."
0152,إعاقة ذهنية,إعاقة ذهنية,KArSL official raw health test archives,0,false,"Local usable extracted clips, not full corpus count. Not in selected local training data."
0153,اعاقة جسدية,اعاقة جسدية,KArSL official raw health test archives,0,false,"Local usable extracted clips, not full corpus count. Not in selected local training data."
0154,اعاقة بصرية,اعاقة بصرية,KArSL official raw health test archives,0,false,"Local usable extracted clips, not full corpus count. Not in selected local training data."
0155,إعاقة سمعية,إعاقة سمعية,KArSL official raw health test archives,0,false,"Local usable extracted clips, not full corpus count. Not in selected local training data."
0156,وباء,وباء,KArSL official raw health test archives,0,false,"Local usable extracted clips, not full corpus count. Not in selected local training data."
0157,مناعة,مناعة,KArSL official raw health test archives,0,false,"Local usable extracted clips, not full corpus count. Not in selected local training data."
0158,عصب,عصب,KArSL official raw health test archives,0,false,"Local usable extracted clips, not full corpus count. Not in selected local training data."
0159,معافى,معافى,KArSL official raw health test archives,0,false,"Local usable extracted clips, not full corpus count. Not in selected local training data."
0160,يأكل,يأكل,KArSL official raw health test archives,0,false,"Local usable extracted clips, not full corpus count. Not in selected local training data."
0161,يشرب,يشرب,KArSL official raw health test archives,0,false,"Local usable extracted clips, not full corpus count. Not in selected local training data."
0162,ينام,ينام,KArSL official raw health test archives,0,false,"Local usable extracted clips, not full corpus count. Not in selected local training data."
0163,يستيقظ,يستيقظ,KArSL official raw health test archives,0,false,"Local usable extracted clips, not full corpus count. Not in selected local training data."
0164,يسمع,يسمع,KArSL official raw health test archives,0,false,"Local usable extracted clips, not full corpus count. Not in selected local training data."
0165,يسكت,يسكت,KArSL official raw health test archives,0,false,"Local usable extracted clips, not full corpus count. Not in selected local training data."
0166,يشم,يشم,KArSL official raw health test archives,0,false,"Local usable extracted clips, not full corpus count. Not in selected local training data."
0167,يصعد,يصعد,KArSL official raw health test archives,0,false,"Local usable extracted clips, not full corpus count. Not in selected local training data."
0168,ينزل,ينزل,KArSL official raw health test archives,0,false,"Local usable extracted clips, not full corpus count. Not in selected local training data."
0169,يفتح,يفتح,KArSL official raw health test archives,0,false,"Local usable extracted clips, not full corpus count. Not in selected local training data."
0170,يقفل ( يغلق ),يقفل ( يغلق ),KArSL official raw health test archives,0,false,"Local usable extracted clips, not full corpus count. Not in selected local training data."
0171,يبني,يبني,KArSL official raw health test archives,0,false,"Local usable extracted clips, not full corpus count. Not in selected local training data."
0172,يكسر,يكسر,KArSL official raw health test archives,0,false,"Local usable extracted clips, not full corpus count. Not in selected local training data."
0173,يمشي,يمشي,KArSL official raw health test archives,0,false,"Local usable extracted clips, not full corpus count. Not in selected local training data."
0174,يحب,يحب,KArSL official raw health test archives,0,false,"Local usable extracted clips, not full corpus count. Not in selected local training data."
0175,يكره,يكره,KArSL official raw health test archives,0,false,"Local usable extracted clips, not full corpus count. Not in selected local training data."
0176,يشوي,يشوي,KArSL official raw health test archives,0,false,"Local usable extracted clips, not full corpus count. Not in selected local training data."
0177,يحرث,يحرث,KArSL official raw health test archives,0,false,"Local usable extracted clips, not full corpus count. Not in selected local training data."
0178,يزرع,يزرع,KArSL official raw health test archives,0,false,"Local usable extracted clips, not full corpus count. Not in selected local training data."
0179,يسقي,يسقي,KArSL official raw health test archives,0,false,"Local usable extracted clips, not full corpus count. Not in selected local training data."
0180,يحصد,يحصد,KArSL official raw health test archives,0,false,"Local usable extracted clips, not full corpus count. Not in selected local training data."
0181,يفكر,يفكر,KArSL official raw health test archives,0,false,"Local usable extracted clips, not full corpus count. Not in selected local training data."
0182,يساعد,يساعد,KArSL official raw health test archives,0,false,"Local usable extracted clips, not full corpus count. Not in selected local training data."
0183,يدخن,يدخن,KArSL official raw health test archives,0,false,"Local usable extracted clips, not full corpus count. Not in selected local training data."
0184,يدعم,يدعم,KArSL official raw health test archives,0,false,"Local usable extracted clips, not full corpus count. Not in selected local training data."
0185,يختار,يختار,KArSL official raw health test archives,0,false,"Local usable extracted clips, not full corpus count. Not in selected local training data."
0186,ينادي,ينادي,KArSL official raw health test archives,0,false,"Local usable extracted clips, not full corpus count. Not in selected local training data."
0187,يتنامى,يتنامى,KArSL official raw health test archives,0,false,"Local usable extracted clips, not full corpus count. Not in selected local training data."
0188,يصبغ,يصبغ,KArSL official raw health test archives,0,false,"Local usable extracted clips, not full corpus count. Not in selected local training data."
0189,يقف,يقف,KArSL official raw health test archives,0,false,"Local usable extracted clips, not full corpus count. Not in selected local training data."
0190,يستحم,يستحم,KArSL official raw health test archives,0,false,"Local usable extracted clips, not full corpus count. Not in selected local training data."
0191,يدخل,يدخل,KArSL official raw health test archives,0,false,"Local usable extracted clips, not full corpus count. Not in selected local training data."
0192,أسرة,أسرة,KArSL official raw health test archives,0,false,"Local usable extracted clips, not full corpus count. Not in selected local training data."
0193,جدة,جدة,KArSL official raw health test archives,0,false,"Local usable extracted clips, not full corpus count. Not in selected local training data."
0194,جد,جد,KArSL official raw health test archives,0,false,"Local usable extracted clips, not full corpus count. Not in selected local training data."
0195,أب,أب,KArSL official raw health test archives,0,false,"Local usable extracted clips, not full corpus count. Not in selected local training data."
0196,أم,أم,KArSL official raw health test archives,0,false,"Local usable extracted clips, not full corpus count. Not in selected local training data."
0197,أخت,أخت,KArSL official raw health test archives,0,false,"Local usable extracted clips, not full corpus count. Not in selected local training data."
0198,أخ,أخ,KArSL official raw health test archives,0,false,"Local usable extracted clips, not full corpus count. Not in selected local training data."
0199,بنت,بنت,KArSL official raw health test archives,0,false,"Local usable extracted clips, not full corpus count. Not in selected local training data."
0200,رضيع,رضيع,KArSL official raw health test archives,0,false,"Local usable extracted clips, not full corpus count. Not in selected local training data."
0201,توأم,توأم,KArSL official raw health test archives,0,false,"Local usable extracted clips, not full corpus count. Not in selected local training data."
0202,رجل,رجل,KArSL official raw health test archives,0,false,"Local usable extracted clips, not full corpus count. Not in selected local training data."
0203,شاب,شاب,KArSL official raw health test archives,0,false,"Local usable extracted clips, not full corpus count. Not in selected local training data."
0204,شابة,شابة,KArSL official raw health test archives,0,false,"Local usable extracted clips, not full corpus count. Not in selected local training data."
0205,حفيد,حفيد,KArSL official raw health test archives,0,false,"Local usable extracted clips, not full corpus count. Not in selected local training data."
0206,زواج,زواج,KArSL official raw health test archives,0,false,"Local usable extracted clips, not full corpus count. Not in selected local training data."
0207,حمل,حمل,KArSL official raw health test archives,0,false,"Local usable extracted clips, not full corpus count. Not in selected local training data."
0208,ولادة,ولادة,KArSL official raw health test archives,0,false,"Local usable extracted clips, not full corpus count. Not in selected local training data."
0209,عم,عم,KArSL official raw health test archives,0,false,"Local usable extracted clips, not full corpus count. Not in selected local training data."
0210,عمة,عمة,KArSL official raw health test archives,0,false,"Local usable extracted clips, not full corpus count. Not in selected local training data."
0211,خال,خال,KArSL official raw health test archives,0,false,"Local usable extracted clips, not full corpus count. Not in selected local training data."
0212,خالة,خالة,KArSL official raw health test archives,0,false,"Local usable extracted clips, not full corpus count. Not in selected local training data."
0213,ابن الأخ,ابن الأخ,KArSL official raw health test archives,0,false,"Local usable extracted clips, not full corpus count. Not in selected local training data."
0214,ابن الأخت,ابن الأخت,KArSL official raw health test archives,0,false,"Local usable extracted clips, not full corpus count. Not in selected local training data."
0215,ابن العم,ابن العم,KArSL official raw health test archives,0,false,"Local usable extracted clips, not full corpus count. Not in selected local training data."
0216,ابن,ابن,KArSL official raw health test archives,0,false,"Local usable extracted clips, not full corpus count. Not in selected local training data."
0217,ابنة,ابنة,KArSL official raw health test archives,0,false,"Local usable extracted clips, not full corpus count. Not in selected local training data."
0218,ناس,ناس,KArSL official raw health test archives,0,false,"Local usable extracted clips, not full corpus count. Not in selected local training data."
0219,طلاق,طلاق,KArSL official raw health test archives,0,false,"Local usable extracted clips, not full corpus count. Not in selected local training data."
0220,خطوبة,خطوبة,KArSL official raw health test archives,0,false,"Local usable extracted clips, not full corpus count. Not in selected local training data."
0221,حفلة,حفلة,KArSL official raw health test archives,0,false,"Local usable extracted clips, not full corpus count. Not in selected local training data."
0222,وفاة,وفاة,KArSL official raw health test archives,0,false,"Local usable extracted clips, not full corpus count. Not in selected local training data."
0223,طفل,طفل,KArSL official raw health test archives,0,false,"Local usable extracted clips, not full corpus count. Not in selected local training data."
0224,جميل,جميل,KArSL official raw health test archives,0,false,"Local usable extracted clips, not full corpus count. Not in selected local training data."
0225,قبيح,قبيح,KArSL official raw health test archives,0,false,"Local usable extracted clips, not full corpus count. Not in selected local training data."
0226,طويل,طويل,KArSL official raw health test archives,0,false,"Local usable extracted clips, not full corpus count. Not in selected local training data."
0227,قصير,قصير,KArSL official raw health test archives,0,false,"Local usable extracted clips, not full corpus count. Not in selected local training data."
0228,نحيف,نحيف,KArSL official raw health test archives,0,false,"Local usable extracted clips, not full corpus count. Not in selected local training data."
0229,سمين,سمين,KArSL official raw health test archives,0,false,"Local usable extracted clips, not full corpus count. Not in selected local training data."
0230,غني,غني,KArSL official raw health test archives,0,false,"Local usable extracted clips, not full corpus count. Not in selected local training data."
0231,فقير,فقير,KArSL official raw health test archives,0,false,"Local usable extracted clips, not full corpus count. Not in selected local training data."
0232,محبط,محبط,KArSL official raw health test archives,0,false,"Local usable extracted clips, not full corpus count. Not in selected local training data."
0233,مشمئز,مشمئز,KArSL official raw health test archives,0,false,"Local usable extracted clips, not full corpus count. Not in selected local training data."
0234,مرتبك,مرتبك,KArSL official raw health test archives,0,false,"Local usable extracted clips, not full corpus count. Not in selected local training data."
0235,قلق,قلق,KArSL official raw health test archives,0,false,"Local usable extracted clips, not full corpus count. Not in selected local training data."
0236,مشوش,مشوش,KArSL official raw health test archives,0,false,"Local usable extracted clips, not full corpus count. Not in selected local training data."
0237,خائف,خائف,KArSL official raw health test archives,0,false,"Local usable extracted clips, not full corpus count. Not in selected local training data."
0238,سعيد (مسرور),سعيد (مسرور),KArSL official raw health test archives,0,false,"Local usable extracted clips, not full corpus count. Not in selected local training data."
0239,حزين,حزين,KArSL official raw health test archives,0,false,"Local usable extracted clips, not full corpus count. Not in selected local training data."
0240,شجاع,شجاع,KArSL official raw health test archives,0,false,"Local usable extracted clips, not full corpus count. Not in selected local training data."
0241,جبان,جبان,KArSL official raw health test archives,0,false,"Local usable extracted clips, not full corpus count. Not in selected local training data."
0242,طموح,طموح,KArSL official raw health test archives,0,false,"Local usable extracted clips, not full corpus count. Not in selected local training data."
0243,معجب,معجب,KArSL official raw health test archives,0,false,"Local usable extracted clips, not full corpus count. Not in selected local training data."
0244,غائر من,غائر من,KArSL official raw health test archives,0,false,"Local usable extracted clips, not full corpus count. Not in selected local training data."
0245,غائر على,غائر على,KArSL official raw health test archives,0,false,"Local usable extracted clips, not full corpus count. Not in selected local training data."
0246,ودود,ودود,KArSL official raw health test archives,0,false,"Local usable extracted clips, not full corpus count. Not in selected local training data."
0247,كريم,كريم,KArSL official raw health test archives,0,false,"Local usable extracted clips, not full corpus count. Not in selected local training data."
0248,بخيل,بخيل,KArSL official raw health test archives,0,false,"Local usable extracted clips, not full corpus count. Not in selected local training data."
0249,طماع,طماع,KArSL official raw health test archives,0,false,"Local usable extracted clips, not full corpus count. Not in selected local training data."
0250,كذاب,كذاب,KArSL official raw health test archives,0,false,"Local usable extracted clips, not full corpus count. Not in selected local training data."
0251,أناني,أناني,KArSL official raw health test archives,0,false,"Local usable extracted clips, not full corpus count. Not in selected local training data."
0252,متكبر,متكبر,KArSL official raw health test archives,0,false,"Local usable extracted clips, not full corpus count. Not in selected local training data."
0253,متواضع,متواضع,KArSL official raw health test archives,0,false,"Local usable extracted clips, not full corpus count. Not in selected local training data."
0254,شعور,شعور,KArSL official raw health test archives,0,false,"Local usable extracted clips, not full corpus count. Not in selected local training data."
0255,تعب,تعب,KArSL official raw health test archives,0,false,"Local usable extracted clips, not full corpus count. Not in selected local training data."
0256,بكاء,بكاء,KArSL official raw health test archives,0,false,"Local usable extracted clips, not full corpus count. Not in selected local training data."
0257,احتقار,احتقار,KArSL official raw health test archives,0,false,"Local usable extracted clips, not full corpus count. Not in selected local training data."
0258,اعتماد على الذات,اعتماد على الذات,KArSL official raw health test archives,0,false,"Local usable extracted clips, not full corpus count. Not in selected local training data."
0259,خفيف,خفيف,KArSL official raw health test archives,0,false,"Local usable extracted clips, not full corpus count. Not in selected local training data."
0260,ثقيل,ثقيل,KArSL official raw health test archives,0,false,"Local usable extracted clips, not full corpus count. Not in selected local training data."
0261,قديم,قديم,KArSL official raw health test archives,0,false,"Local usable extracted clips, not full corpus count. Not in selected local training data."
0262,حسد,حسد,KArSL official raw health test archives,0,false,"Local usable extracted clips, not full corpus count. Not in selected local training data."
0263,صدق,صدق,KArSL official raw health test archives,0,false,"Local usable extracted clips, not full corpus count. Not in selected local training data."
0264,غدر,غدر,KArSL official raw health test archives,0,false,"Local usable extracted clips, not full corpus count. Not in selected local training data."
0265,صبر,صبر,KArSL official raw health test archives,0,false,"Local usable extracted clips, not full corpus count. Not in selected local training data."
0266,لوم,لوم,KArSL official raw health test archives,0,false,"Local usable extracted clips, not full corpus count. Not in selected local training data."
0267,الحق,الحق,KArSL official raw health test archives,0,false,"Local usable extracted clips, not full corpus count. Not in selected local training data."
0268,خيانة,خيانة,KArSL official raw health test archives,0,false,"Local usable extracted clips, not full corpus count. Not in selected local training data."
0269,إيثار,إيثار,KArSL official raw health test archives,0,false,"Local usable extracted clips, not full corpus count. Not in selected local training data."
0270,تضحية,تضحية,KArSL official raw health test archives,0,false,"Local usable extracted clips, not full corpus count. Not in selected local training data."
0271,شفقة,شفقة,KArSL official raw health test archives,0,false,"Local usable extracted clips, not full corpus count. Not in selected local training data."
0272,ذكي,ذكي,KArSL official raw health test archives,0,false,"Local usable extracted clips, not full corpus count. Not in selected local training data."
0273,أمام,أمام,KArSL official raw health test archives,0,false,"Local usable extracted clips, not full corpus count. Not in selected local training data."
0274,بجانب,بجانب,KArSL official raw health test archives,0,false,"Local usable extracted clips, not full corpus count. Not in selected local training data."
0275,بعيد,بعيد,KArSL official raw health test archives,0,false,"Local usable extracted clips, not full corpus count. Not in selected local training data."
0276,بين,بين,KArSL official raw health test archives,0,false,"Local usable extracted clips, not full corpus count. Not in selected local training data."
0277,تحت,تحت,KArSL official raw health test archives,0,false,"Local usable extracted clips, not full corpus count. Not in selected local training data."
0278,حول,حول,KArSL official raw health test archives,0,false,"Local usable extracted clips, not full corpus count. Not in selected local training data."
0279,خارج,خارج,KArSL official raw health test archives,0,false,"Local usable extracted clips, not full corpus count. Not in selected local training data."
0280,خلف,خلف,KArSL official raw health test archives,0,false,"Local usable extracted clips, not full corpus count. Not in selected local training data."
0281,داخل,داخل,KArSL official raw health test archives,0,false,"Local usable extracted clips, not full corpus count. Not in selected local training data."
0282,فوق,فوق,KArSL official raw health test archives,0,false,"Local usable extracted clips, not full corpus count. Not in selected local training data."
0283,قريب,قريب,KArSL official raw health test archives,0,false,"Local usable extracted clips, not full corpus count. Not in selected local training data."
0284,من خلال,من خلال,KArSL official raw health test archives,0,false,"Local usable extracted clips, not full corpus count. Not in selected local training data."
0285,هنا,هنا,KArSL official raw health test archives,0,false,"Local usable extracted clips, not full corpus count. Not in selected local training data."
0286,هناك,هناك,KArSL official raw health test archives,0,false,"Local usable extracted clips, not full corpus count. Not in selected local training data."
0287,يسار,يسار,KArSL official raw health test archives,0,false,"Local usable extracted clips, not full corpus count. Not in selected local training data."
0288,يمين,يمين,KArSL official raw health test archives,0,false,"Local usable extracted clips, not full corpus count. Not in selected local training data."
0289,أهلا وسهلاً,أهلا وسهلاً,KArSL official raw health test archives,0,false,"Local usable extracted clips, not full corpus count. Not in selected local training data."
0290,السلام عليكم,السلام عليكم,KArSL official raw health test archives,0,false,"Local usable extracted clips, not full corpus count. Not in selected local training data."
0291,تفضل,تفضل,KArSL official raw health test archives,0,false,"Local usable extracted clips, not full corpus count. Not in selected local training data."
0292,جار,جار,KArSL official raw health test archives,0,false,"Local usable extracted clips, not full corpus count. Not in selected local training data."
0293,شكراً,شكراً,KArSL official raw health test archives,0,false,"Local usable extracted clips, not full corpus count. Not in selected local training data."
0294,صديق,صديق,KArSL official raw health test archives,0,false,"Local usable extracted clips, not full corpus count. Not in selected local training data."
0295,ضيف,ضيف,KArSL official raw health test archives,0,false,"Local usable extracted clips, not full corpus count. Not in selected local training data."
0296,عدو,عدو,KArSL official raw health test archives,0,false,"Local usable extracted clips, not full corpus count. Not in selected local training data."
0297,عيب,عيب,KArSL official raw health test archives,0,false,"Local usable extracted clips, not full corpus count. Not in selected local training data."
0298,هدية,هدية,KArSL official raw health test archives,0,false,"Local usable extracted clips, not full corpus count. Not in selected local training data."
0299,بيت,بيت,KArSL official raw health test archives,0,false,"Local usable extracted clips, not full corpus count. Not in selected local training data."
0300,جدار,جدار,KArSL official raw health test archives,0,false,"Local usable extracted clips, not full corpus count. Not in selected local training data."
0301,سقف,سقف,KArSL official raw health test archives,0,false,"Local usable extracted clips, not full corpus count. Not in selected local training data."
0302,باب,باب,KArSL official raw health test archives,0,false,"Local usable extracted clips, not full corpus count. Not in selected local training data."
0303,شباك,شباك,KArSL official raw health test archives,0,false,"Local usable extracted clips, not full corpus count. Not in selected local training data."
0304,غرفة,غرفة,KArSL official raw health test archives,0,false,"Local usable extracted clips, not full corpus count. Not in selected local training data."
0305,غرفة نوم,غرفة نوم,KArSL official raw health test archives,0,false,"Local usable extracted clips, not full corpus count. Not in selected local training data."
0306,سرير,سرير,KArSL official raw health test archives,0,false,"Local usable extracted clips, not full corpus count. Not in selected local training data."
0307,مرتبة سرير ( حشية),مرتبة سرير ( حشية),KArSL official raw health test archives,0,false,"Local usable extracted clips, not full corpus count. Not in selected local training data."
0308,شرشف ( غطاء سرير),شرشف ( غطاء سرير),KArSL official raw health test archives,0,false,"Local usable extracted clips, not full corpus count. Not in selected local training data."
0309,وسادة ( مخدة),وسادة ( مخدة),KArSL official raw health test archives,0,false,"Local usable extracted clips, not full corpus count. Not in selected local training data."
0310,شماعة ( مشجب),شماعة ( مشجب),KArSL official raw health test archives,0,false,"Local usable extracted clips, not full corpus count. Not in selected local training data."
0311,خزانة ملابس,خزانة ملابس,KArSL official raw health test archives,0,false,"Local usable extracted clips, not full corpus count. Not in selected local training data."
0312,مطبخ,مطبخ,KArSL official raw health test archives,0,false,"Local usable extracted clips, not full corpus count. Not in selected local training data."
0313,فرن غازي,فرن غازي,KArSL official raw health test archives,0,false,"Local usable extracted clips, not full corpus count. Not in selected local training data."
0314,بوتاغاز (طابخ),بوتاغاز (طابخ),KArSL official raw health test archives,0,false,"Local usable extracted clips, not full corpus count. Not in selected local training data."
0315,طبق ( صحن),طبق ( صحن),KArSL official raw health test archives,0,false,"Local usable extracted clips, not full corpus count. Not in selected local training data."
0316,سكين,سكين,KArSL official raw health test archives,0,false,"Local usable extracted clips, not full corpus count. Not in selected local training data."
0317,شوكة,شوكة,KArSL official raw health test archives,0,false,"Local usable extracted clips, not full corpus count. Not in selected local training data."
0318,ملعقة,ملعقة,KArSL official raw health test archives,0,false,"Local usable extracted clips, not full corpus count. Not in selected local training data."
0319,فنجان,فنجان,KArSL official raw health test archives,0,false,"Local usable extracted clips, not full corpus count. Not in selected local training data."
0320,مجمد (فريزر),مجمد (فريزر),KArSL official raw health test archives,0,false,"Local usable extracted clips, not full corpus count. Not in selected local training data."
0321,كأس ( كوب),كأس ( كوب),KArSL official raw health test archives,0,false,"Local usable extracted clips, not full corpus count. Not in selected local training data."
0322,حافظ حرارة ( ترمس),حافظ حرارة ( ترمس),KArSL official raw health test archives,0,false,"Local usable extracted clips, not full corpus count. Not in selected local training data."
0323,غرفة طعام,غرفة طعام,KArSL official raw health test archives,0,false,"Local usable extracted clips, not full corpus count. Not in selected local training data."
0324,إبريق,إبريق,KArSL official raw health test archives,0,false,"Local usable extracted clips, not full corpus count. Not in selected local training data."
0325,طاولة,طاولة,KArSL official raw health test archives,0,false,"Local usable extracted clips, not full corpus count. Not in selected local training data."
0326,كنكة ( دلة),كنكة ( دلة),KArSL official raw health test archives,0,false,"Local usable extracted clips, not full corpus count. Not in selected local training data."
0327,دورة مياه (حمام),دورة مياه (حمام),KArSL official raw health test archives,0,false,"Local usable extracted clips, not full corpus count. Not in selected local training data."
0328,كرسي,كرسي,KArSL official raw health test archives,0,false,"Local usable extracted clips, not full corpus count. Not in selected local training data."
0329,غسالة,غسالة,KArSL official raw health test archives,0,false,"Local usable extracted clips, not full corpus count. Not in selected local training data."
0330,منشفة,منشفة,KArSL official raw health test archives,0,false,"Local usable extracted clips, not full corpus count. Not in selected local training data."
0331,سجادة (زربية),سجادة (زربية),KArSL official raw health test archives,0,false,"Local usable extracted clips, not full corpus count. Not in selected local training data."
0332,موكيت ( فرش أرضي) moquette,موكيت ( فرش أرضي) moquette,KArSL official raw health test archives,0,false,"Local usable extracted clips, not full corpus count. Not in selected local training data."
0333,ثريا (نجفة),ثريا (نجفة),KArSL official raw health test archives,0,false,"Local usable extracted clips, not full corpus count. Not in selected local training data."
0334,مسجل,مسجل,KArSL official raw health test archives,0,false,"Local usable extracted clips, not full corpus count. Not in selected local training data."
0335,شريط كاست,شريط كاست,KArSL official raw health test archives,0,false,"Local usable extracted clips, not full corpus count. Not in selected local training data."
0336,تلفزيون (تلفاز),تلفزيون (تلفاز),KArSL official raw health test archives,0,false,"Local usable extracted clips, not full corpus count. Not in selected local training data."
0337,طبق هوائي (دش),طبق هوائي (دش),KArSL official raw health test archives,0,false,"Local usable extracted clips, not full corpus count. Not in selected local training data."
0338,شريط فيديو,شريط فيديو,KArSL official raw health test archives,0,false,"Local usable extracted clips, not full corpus count. Not in selected local training data."
0339,كاميرا فيديو,كاميرا فيديو,KArSL official raw health test archives,0,false,"Local usable extracted clips, not full corpus count. Not in selected local training data."
0340,كاميرا فوتوغرافية,كاميرا فوتوغرافية,KArSL official raw health test archives,0,false,"Local usable extracted clips, not full corpus count. Not in selected local training data."
0341,هاتف ( تلفون),هاتف ( تلفون),KArSL official raw health test archives,0,false,"Local usable extracted clips, not full corpus count. Not in selected local training data."
0342,غرفة ضيوف,غرفة ضيوف,KArSL official raw health test archives,0,false,"Local usable extracted clips, not full corpus count. Not in selected local training data."
0343,فيديو,فيديو,KArSL official raw health test archives,0,false,"Local usable extracted clips, not full corpus count. Not in selected local training data."
0344,مبخرة,مبخرة,KArSL official raw health test archives,0,false,"Local usable extracted clips, not full corpus count. Not in selected local training data."
0345,مدفأة,مدفأة,KArSL official raw health test archives,0,false,"Local usable extracted clips, not full corpus count. Not in selected local training data."
0346,مفتاح,مفتاح,KArSL official raw health test archives,0,false,"Local usable extracted clips, not full corpus count. Not in selected local training data."
0347,مروحة,مروحة,KArSL official raw health test archives,0,false,"Local usable extracted clips, not full corpus count. Not in selected local training data."
0348,تدفئة مركزية,تدفئة مركزية,KArSL official raw health test archives,0,false,"Local usable extracted clips, not full corpus count. Not in selected local training data."
0349,كهرباء,كهرباء,KArSL official raw health test archives,0,false,"Local usable extracted clips, not full corpus count. Not in selected local training data."
0350,مكيف,مكيف,KArSL official raw health test archives,0,false,"Local usable extracted clips, not full corpus count. Not in selected local training data."
0351,سلك كهربائي,سلك كهربائي,KArSL official raw health test archives,0,false,"Local usable extracted clips, not full corpus count. Not in selected local training data."
0352,قابس كهربائي ( فيش),قابس كهربائي ( فيش),KArSL official raw health test archives,0,false,"Local usable extracted clips, not full corpus count. Not in selected local training data."
0353,حقيبة سفر,حقيبة سفر,KArSL official raw health test archives,0,false,"Local usable extracted clips, not full corpus count. Not in selected local training data."
0354,مكواة,مكواة,KArSL official raw health test archives,0,false,"Local usable extracted clips, not full corpus count. Not in selected local training data."
0355,ميزان حرارة جوي,ميزان حرارة جوي,KArSL official raw health test archives,0,false,"Local usable extracted clips, not full corpus count. Not in selected local training data."
0356,الله تعالى,الله تعالى,KArSL official raw health test archives,0,false,"Local usable extracted clips, not full corpus count. Not in selected local training data."
0357,محمد رسول الله,محمد رسول الله,KArSL official raw health test archives,0,false,"Local usable extracted clips, not full corpus count. Not in selected local training data."
0358,عيسى المسيح,عيسى المسيح,KArSL official raw health test archives,0,false,"Local usable extracted clips, not full corpus count. Not in selected local training data."
0359,القرآن الكريم,القرآن الكريم,KArSL official raw health test archives,0,false,"Local usable extracted clips, not full corpus count. Not in selected local training data."
0360,الخلفاء الراشدون,الخلفاء الراشدون,KArSL official raw health test archives,0,false,"Local usable extracted clips, not full corpus count. Not in selected local training data."
0361,السنة النبوية,السنة النبوية,KArSL official raw health test archives,0,false,"Local usable extracted clips, not full corpus count. Not in selected local training data."
0362,أركان الإسلام,أركان الإسلام,KArSL official raw health test archives,0,false,"Local usable extracted clips, not full corpus count. Not in selected local training data."
0363,أركان الإيمان,أركان الإيمان,KArSL official raw health test archives,0,false,"Local usable extracted clips, not full corpus count. Not in selected local training data."
0364,الشهادتين,الشهادتين,KArSL official raw health test archives,0,false,"Local usable extracted clips, not full corpus count. Not in selected local training data."
0365,يصلي / الصلاة,يصلي / الصلاة,KArSL official raw health test archives,0,false,"Local usable extracted clips, not full corpus count. Not in selected local training data."
0366,الزكاة,الزكاة,KArSL official raw health test archives,0,false,"Local usable extracted clips, not full corpus count. Not in selected local training data."
0367,الصوم,الصوم,KArSL official raw health test archives,0,false,"Local usable extracted clips, not full corpus count. Not in selected local training data."
0368,العمرة,العمرة,KArSL official raw health test archives,0,false,"Local usable extracted clips, not full corpus count. Not in selected local training data."
0369,الحج,الحج,KArSL official raw health test archives,0,false,"Local usable extracted clips, not full corpus count. Not in selected local training data."
0370,ملائكة,ملائكة,KArSL official raw health test archives,0,false,"Local usable extracted clips, not full corpus count. Not in selected local training data."
0371,رسول,رسول,KArSL official raw health test archives,0,false,"Local usable extracted clips, not full corpus count. Not in selected local training data."
0372,يوم القيامة,يوم القيامة,KArSL official raw health test archives,0,false,"Local usable extracted clips, not full corpus count. Not in selected local training data."
0373,القضاء والقدر,القضاء والقدر,KArSL official raw health test archives,0,false,"Local usable extracted clips, not full corpus count. Not in selected local training data."
0374,أركان الصلاة,أركان الصلاة,KArSL official raw health test archives,0,false,"Local usable extracted clips, not full corpus count. Not in selected local training data."
0375,خير,خير,KArSL official raw health test archives,0,false,"Local usable extracted clips, not full corpus count. Not in selected local training data."
0376,النية,النية,KArSL official raw health test archives,0,false,"Local usable extracted clips, not full corpus count. Not in selected local training data."
0377,شر,شر,KArSL official raw health test archives,0,false,"Local usable extracted clips, not full corpus count. Not in selected local training data."
0378,طهارة,طهارة,KArSL official raw health test archives,0,false,"Local usable extracted clips, not full corpus count. Not in selected local training data."
0379,مبطلات الصلاة,مبطلات الصلاة,KArSL official raw health test archives,0,false,"Local usable extracted clips, not full corpus count. Not in selected local training data."
0380,تيمم,تيمم,KArSL official raw health test archives,0,false,"Local usable extracted clips, not full corpus count. Not in selected local training data."
0381,يتوضأ / وضوء,يتوضأ / وضوء,KArSL official raw health test archives,0,false,"Local usable extracted clips, not full corpus count. Not in selected local training data."
0382,يؤذن,يؤذن,KArSL official raw health test archives,0,false,"Local usable extracted clips, not full corpus count. Not in selected local training data."
0383,مسح على الخفين,مسح على الخفين,KArSL official raw health test archives,0,false,"Local usable extracted clips, not full corpus count. Not in selected local training data."
0384,صلاة الفجر,صلاة الفجر,KArSL official raw health test archives,0,false,"Local usable extracted clips, not full corpus count. Not in selected local training data."
0385,صلاة الظهر,صلاة الظهر,KArSL official raw health test archives,0,false,"Local usable extracted clips, not full corpus count. Not in selected local training data."
0386,صلاة العصر,صلاة العصر,KArSL official raw health test archives,0,false,"Local usable extracted clips, not full corpus count. Not in selected local training data."
0387,صلاة المغرب,صلاة المغرب,KArSL official raw health test archives,0,false,"Local usable extracted clips, not full corpus count. Not in selected local training data."
0388,صلاة العشاء,صلاة العشاء,KArSL official raw health test archives,0,false,"Local usable extracted clips, not full corpus count. Not in selected local training data."
0389,خطبة,خطبة,KArSL official raw health test archives,0,false,"Local usable extracted clips, not full corpus count. Not in selected local training data."
0390,خطبة الجمعة,خطبة الجمعة,KArSL official raw health test archives,0,false,"Local usable extracted clips, not full corpus count. Not in selected local training data."
0391,خطيب,خطيب,KArSL official raw health test archives,0,false,"Local usable extracted clips, not full corpus count. Not in selected local training data."
0392,خطبة العيد,خطبة العيد,KArSL official raw health test archives,0,false,"Local usable extracted clips, not full corpus count. Not in selected local training data."
0393,مسجد,مسجد,KArSL official raw health test archives,0,false,"Local usable extracted clips, not full corpus count. Not in selected local training data."
0394,سورة,سورة,KArSL official raw health test archives,0,false,"Local usable extracted clips, not full corpus count. Not in selected local training data."
0395,إمام,إمام,KArSL official raw health test archives,0,false,"Local usable extracted clips, not full corpus count. Not in selected local training data."
0396,سورة الفاتحة,سورة الفاتحة,KArSL official raw health test archives,0,false,"Local usable extracted clips, not full corpus count. Not in selected local training data."
0397,آية,آية,KArSL official raw health test archives,0,false,"Local usable extracted clips, not full corpus count. Not in selected local training data."
0398,ليلة القدر,ليلة القدر,KArSL official raw health test archives,0,false,"Local usable extracted clips, not full corpus count. Not in selected local training data."
0399,عيد,عيد,KArSL official raw health test archives,0,false,"Local usable extracted clips, not full corpus count. Not in selected local training data."
0400,عيد الفطر,عيد الفطر,KArSL official raw health test archives,0,false,"Local usable extracted clips, not full corpus count. Not in selected local training data."
0401,عيد الأضحى,عيد الأضحى,KArSL official raw health test archives,0,false,"Local usable extracted clips, not full corpus count. Not in selected local training data."
0402,إحرام,إحرام,KArSL official raw health test archives,0,false,"Local usable extracted clips, not full corpus count. Not in selected local training data."
0403,مكة,مكة,KArSL official raw health test archives,0,false,"Local usable extracted clips, not full corpus count. Not in selected local training data."
0404,الكعبة,الكعبة,KArSL official raw health test archives,0,false,"Local usable extracted clips, not full corpus count. Not in selected local training data."
0405,المدينة المنورة,المدينة المنورة,KArSL official raw health test archives,0,false,"Local usable extracted clips, not full corpus count. Not in selected local training data."
0406,منى,منى,KArSL official raw health test archives,0,false,"Local usable extracted clips, not full corpus count. Not in selected local training data."
0407,جبل عرفات,جبل عرفات,KArSL official raw health test archives,0,false,"Local usable extracted clips, not full corpus count. Not in selected local training data."
0408,الصفا والمروة,الصفا والمروة,KArSL official raw health test archives,0,false,"Local usable extracted clips, not full corpus count. Not in selected local training data."
0409,مزدلفة,مزدلفة,KArSL official raw health test archives,0,false,"Local usable extracted clips, not full corpus count. Not in selected local training data."
0410,رمي الجمرات,رمي الجمرات,KArSL official raw health test archives,0,false,"Local usable extracted clips, not full corpus count. Not in selected local training data."
0411,طواف,طواف,KArSL official raw health test archives,0,false,"Local usable extracted clips, not full corpus count. Not in selected local training data."
0412,ماء زمزم,ماء زمزم,KArSL official raw health test archives,0,false,"Local usable extracted clips, not full corpus count. Not in selected local training data."
0413,الأضحية,الأضحية,KArSL official raw health test archives,0,false,"Local usable extracted clips, not full corpus count. Not in selected local training data."
0414,فك الإحرام,فك الإحرام,KArSL official raw health test archives,0,false,"Local usable extracted clips, not full corpus count. Not in selected local training data."
0415,طواف الوداع,طواف الوداع,KArSL official raw health test archives,0,false,"Local usable extracted clips, not full corpus count. Not in selected local training data."
0416,المسجد الأقصى,المسجد الأقصى,KArSL official raw health test archives,0,false,"Local usable extracted clips, not full corpus count. Not in selected local training data."
0417,يسبح,يسبح,KArSL official raw health test archives,0,false,"Local usable extracted clips, not full corpus count. Not in selected local training data."
0418,الحمد لله,الحمد لله,KArSL official raw health test archives,0,false,"Local usable extracted clips, not full corpus count. Not in selected local training data."
0419,سبحان الله,سبحان الله,KArSL official raw health test archives,0,false,"Local usable extracted clips, not full corpus count. Not in selected local training data."
0420,إيمان,إيمان,KArSL official raw health test archives,0,false,"Local usable extracted clips, not full corpus count. Not in selected local training data."
0421,الشرك بالله,الشرك بالله,KArSL official raw health test archives,0,false,"Local usable extracted clips, not full corpus count. Not in selected local training data."
0422,أعوذ بالله,أعوذ بالله,KArSL official raw health test archives,0,false,"Local usable extracted clips, not full corpus count. Not in selected local training data."
0423,شيطان,شيطان,KArSL official raw health test archives,0,false,"Local usable extracted clips, not full corpus count. Not in selected local training data."
0424,جن,جن,KArSL official raw health test archives,0,false,"Local usable extracted clips, not full corpus count. Not in selected local training data."
0425,الضالون,الضالون,KArSL official raw health test archives,0,false,"Local usable extracted clips, not full corpus count. Not in selected local training data."
0426,المغضوب عليهم,المغضوب عليهم,KArSL official raw health test archives,0,false,"Local usable extracted clips, not full corpus count. Not in selected local training data."
0427,صنم,صنم,KArSL official raw health test archives,0,false,"Local usable extracted clips, not full corpus count. Not in selected local training data."
0428,زنى,زنى,KArSL official raw health test archives,0,false,"Local usable extracted clips, not full corpus count. Not in selected local training data."
0429,الجنة,الجنة,KArSL official raw health test archives,0,false,"Local usable extracted clips, not full corpus count. Not in selected local training data."
0430,النار,النار,KArSL official raw health test archives,0,false,"Local usable extracted clips, not full corpus count. Not in selected local training data."
0431,روح,روح,KArSL official raw health test archives,0,false,"Local usable extracted clips, not full corpus count. Not in selected local training data."
0432,حقوق,حقوق,KArSL official raw health test archives,0,false,"Local usable extracted clips, not full corpus count. Not in selected local training data."
0433,واجبات,واجبات,KArSL official raw health test archives,0,false,"Local usable extracted clips, not full corpus count. Not in selected local training data."
0434,حسنات,حسنات,KArSL official raw health test archives,0,false,"Local usable extracted clips, not full corpus count. Not in selected local training data."
0435,سيئات,سيئات,KArSL official raw health test archives,0,false,"Local usable extracted clips, not full corpus count. Not in selected local training data."
0436,حلال,حلال,KArSL official raw health test archives,0,false,"Local usable extracted clips, not full corpus count. Not in selected local training data."
0437,حرام,حرام,KArSL official raw health test archives,0,false,"Local usable extracted clips, not full corpus count. Not in selected local training data."
0438,مغفرة,مغفرة,KArSL official raw health test archives,0,false,"Local usable extracted clips, not full corpus count. Not in selected local training data."
0439,دين,دين,KArSL official raw health test archives,0,false,"Local usable extracted clips, not full corpus count. Not in selected local training data."
0440,مسيحي,مسيحي,KArSL official raw health test archives,0,false,"Local usable extracted clips, not full corpus count. Not in selected local training data."
0441,يهودي,يهودي,KArSL official raw health test archives,0,false,"Local usable extracted clips, not full corpus count. Not in selected local training data."
0442,كنيسة,كنيسة,KArSL official raw health test archives,0,false,"Local usable extracted clips, not full corpus count. Not in selected local training data."
0443,إسراء ومعراج,إسراء ومعراج,KArSL official raw health test archives,0,false,"Local usable extracted clips, not full corpus count. Not in selected local training data."
0444,حواء,حواء,KArSL official raw health test archives,0,false,"Local usable extracted clips, not full corpus count. Not in selected local training data."
0445,آدم,آدم,KArSL official raw health test archives,0,false,"Local usable extracted clips, not full corpus count. Not in selected local training data."
0446,صدقة,صدقة,KArSL official raw health test archives,0,false,"Local usable extracted clips, not full corpus count. Not in selected local training data."
0447,نبي,نبي,KArSL official raw health test archives,0,false,"Local usable extracted clips, not full corpus count. Not in selected local training data."
0448,هداية,هداية,KArSL official raw health test archives,0,false,"Local usable extracted clips, not full corpus count. Not in selected local training data."
0449,أمانة,أمانة,KArSL official raw health test archives,0,false,"Local usable extracted clips, not full corpus count. Not in selected local training data."
0450,شهيد,شهيد,KArSL official raw health test archives,0,false,"Local usable extracted clips, not full corpus count. Not in selected local training data."
0451,حقوق الوالدين,حقوق الوالدين,KArSL official raw health test archives,0,false,"Local usable extracted clips, not full corpus count. Not in selected local training data."
0452,عقوق الوالدين,عقوق الوالدين,KArSL official raw health test archives,0,false,"Local usable extracted clips, not full corpus count. Not in selected local training data."
0453,مسلم,مسلم,KArSL official raw health test archives,0,false,"Local usable extracted clips, not full corpus count. Not in selected local training data."
0454,رحمة,رحمة,KArSL official raw health test archives,0,false,"Local usable extracted clips, not full corpus count. Not in selected local training data."
0455,عيد رأس السنة,عيد رأس السنة,KArSL official raw health test archives,0,false,"Local usable extracted clips, not full corpus count. Not in selected local training data."
0456,فروض,فروض,KArSL official raw health test archives,0,false,"Local usable extracted clips, not full corpus count. Not in selected local training data."
0457,قبة الصخرة,قبة الصخرة,KArSL official raw health test archives,0,false,"Local usable extracted clips, not full corpus count. Not in selected local training data."
0458,خلق,خلق,KArSL official raw health test archives,0,false,"Local usable extracted clips, not full corpus count. Not in selected local training data."
0459,مهندس,مهندس,KArSL official raw health test archives,0,false,"Local usable extracted clips, not full corpus count. Not in selected local training data."
0460,مصور فوتوغرافي,مصور فوتوغرافي,KArSL official raw health test archives,0,false,"Local usable extracted clips, not full corpus count. Not in selected local training data."
0461,جزار / قصاب,جزار / قصاب,KArSL official raw health test archives,0,false,"Local usable extracted clips, not full corpus count. Not in selected local training data."
0462,سائق,سائق,KArSL official raw health test archives,0,false,"Local usable extracted clips, not full corpus count. Not in selected local training data."
0463,صائغ,صائغ,KArSL official raw health test archives,0,false,"Local usable extracted clips, not full corpus count. Not in selected local training data."
0464,خادم,خادم,KArSL official raw health test archives,0,false,"Local usable extracted clips, not full corpus count. Not in selected local training data."
0465,رئيس قسم,رئيس قسم,KArSL official raw health test archives,0,false,"Local usable extracted clips, not full corpus count. Not in selected local training data."
0466,حداد,حداد,KArSL official raw health test archives,0,false,"Local usable extracted clips, not full corpus count. Not in selected local training data."
0467,لحام كهربائي,لحام كهربائي,KArSL official raw health test archives,0,false,"Local usable extracted clips, not full corpus count. Not in selected local training data."
0468,مترجم لغة الإشارة,مترجم لغة الإشارة,KArSL official raw health test archives,0,false,"Local usable extracted clips, not full corpus count. Not in selected local training data."
0469,مذيع,مذيع,KArSL official raw health test archives,0,false,"Local usable extracted clips, not full corpus count. Not in selected local training data."
0470,مترجم لغات,مترجم لغات,KArSL official raw health test archives,0,false,"Local usable extracted clips, not full corpus count. Not in selected local training data."
0471,مدير,مدير,KArSL official raw health test archives,0,false,"Local usable extracted clips, not full corpus count. Not in selected local training data."
0472,سفير,سفير,KArSL official raw health test archives,0,false,"Local usable extracted clips, not full corpus count. Not in selected local training data."
0473,وزير,وزير,KArSL official raw health test archives,0,false,"Local usable extracted clips, not full corpus count. Not in selected local training data."
0474,ملك / سلطان,ملك / سلطان,KArSL official raw health test archives,0,false,"Local usable extracted clips, not full corpus count. Not in selected local training data."
0475,أمير البلاد / رئيس الجمهورية,أمير البلاد / رئيس الجمهورية,KArSL official raw health test archives,0,false,"Local usable extracted clips, not full corpus count. Not in selected local training data."
0476,شيخ,شيخ,KArSL official raw health test archives,0,false,"Local usable extracted clips, not full corpus count. Not in selected local training data."
0477,محافظ / وال,محافظ / وال,KArSL official raw health test archives,0,false,"Local usable extracted clips, not full corpus count. Not in selected local training data."
0478,ولي عهد / وكيل وزارة,ولي عهد / وكيل وزارة,KArSL official raw health test archives,0,false,"Local usable extracted clips, not full corpus count. Not in selected local training data."
0479,رئيس مجلس الشعب (النواب),رئيس مجلس الشعب (النواب),KArSL official raw health test archives,0,false,"Local usable extracted clips, not full corpus count. Not in selected local training data."
0480,أمين عام,أمين عام,KArSL official raw health test archives,0,false,"Local usable extracted clips, not full corpus count. Not in selected local training data."
0481,صحفي,صحفي,KArSL official raw health test archives,0,false,"Local usable extracted clips, not full corpus count. Not in selected local training data."
0482,رسام,رسام,KArSL official raw health test archives,0,false,"Local usable extracted clips, not full corpus count. Not in selected local training data."
0483,خياط / تارزي,خياط / تارزي,KArSL official raw health test archives,0,false,"Local usable extracted clips, not full corpus count. Not in selected local training data."
0484,ضابط,ضابط,KArSL official raw health test archives,0,false,"Local usable extracted clips, not full corpus count. Not in selected local training data."
0485,طيار,طيار,KArSL official raw health test archives,0,false,"Local usable extracted clips, not full corpus count. Not in selected local training data."
0486,جندي,جندي,KArSL official raw health test archives,0,false,"Local usable extracted clips, not full corpus count. Not in selected local training data."
0487,حلاق,حلاق,KArSL official raw health test archives,0,false,"Local usable extracted clips, not full corpus count. Not in selected local training data."
0488,صباغ,صباغ,KArSL official raw health test archives,0,false,"Local usable extracted clips, not full corpus count. Not in selected local training data."
0489,رجل إطفاء / دفاع مدني,رجل إطفاء / دفاع مدني,KArSL official raw health test archives,0,false,"Local usable extracted clips, not full corpus count. Not in selected local training data."
0490,نجار,نجار,KArSL official raw health test archives,0,false,"Local usable extracted clips, not full corpus count. Not in selected local training data."
0491,معلم / مدرس,معلم / مدرس,KArSL official raw health test archives,0,false,"Local usable extracted clips, not full corpus count. Not in selected local training data."
0492,طباخ,طباخ,KArSL official raw health test archives,0,false,"Local usable extracted clips, not full corpus count. Not in selected local training data."
0493,فلاح,فلاح,KArSL official raw health test archives,0,false,"Local usable extracted clips, not full corpus count. Not in selected local training data."
0494,موظف,موظف,KArSL official raw health test archives,0,false,"Local usable extracted clips, not full corpus count. Not in selected local training data."
0495,أمين صندوق,أمين صندوق,KArSL official raw health test archives,0,false,"Local usable extracted clips, not full corpus count. Not in selected local training data."
0496,صيدلي,صيدلي,KArSL official raw health test archives,0,false,"Local usable extracted clips, not full corpus count. Not in selected local training data."
0497,طبيب,طبيب,KArSL official raw health test archives,0,false,"Local usable extracted clips, not full corpus count. Not in selected local training data."
0498,ممرضة,ممرضة,KArSL official raw health test archives,0,false,"Local usable extracted clips, not full corpus count. Not in selected local training data."
0499,ممرض,ممرض,KArSL official raw health test archives,0,false,"Local usable extracted clips, not full corpus count. Not in selected local training data."
0500,محام,محام,KArSL official raw health test archives,0,false,"Local usable extracted clips, not full corpus count. Not in selected local training data."
0501,انتقال,انتقال,KArSL official raw health test archives,0,false,"Local usable extracted clips, not full corpus count. Not in selected local training data."
0502,تعيين,تعيين,KArSL official raw health test archives,0,false,"Local usable extracted clips, not full corpus count. Not in selected local training data."
