path,class_id,signer_id,arabic_gloss,original_split,frames,declared_frames,fps,duration,width,height,bytes,sha256,decoded_sha256,corrupt,missing_label,sharpness_median
data/cv/raw/01/0088/03_01_0088_(01_12_16_16_47_36)_c.mp4,0088,01,قلب,test,33,33,30.0,1.1,1920,1080,763317,ac893d068640f8fe8ebdfeec29969d3e806d66cd2b2f98d3687ebf8ab8f6b801,eb94dded2cf20bf278846859093208b21bffe549d6568dbbff1a0ca00fa7638b,False,False,61.09902726621531
data/cv/raw/01/0088/03_01_0088_(01_12_16_16_48_01)_c.mp4,0088,01,قلب,test,43,43,30.0,1.4333333333333333,1920,1080,1102158,958c4b9d2cc855c60deffc8b5800758ba60f94a86f2a8077ea29b0a4d9d3bd45,637adef18ba66656cff949820c7130378e8c62aff3d93f713d59f5e2f8684872,False,False,60.70142549550086
data/cv/raw/01/0088/03_01_0088_(01_12_16_16_48_06)_c.mp4,0088,01,قلب,test,36,36,30.0,1.2,1920,1080,892933,3a5529f3e0081341ca0b18b0ce44d6d8d4cc542b8e3b4252588f632fcd039066,707798d3b2c2b5175f79ca3f7153f2f7e00db7b2498c5ad5b89d7ee95fbc1c72,False,False,62.775386184334465
data/cv/raw/01/0088/03_01_0088_(01_12_16_16_48_43)_c.mp4,0088,01,قلب,test,43,43,30.0,1.4333333333333333,1920,1080,1152612,0357d1cb58a434b111f7bfa925cf743212bc88b55f7a8b8aad7c5a961b7c031f,50e951040f466e265ab1bb9ccbade59d84c1e5c38fd8ab8eb433592f293d1844,False,False,64.12053838916333
data/cv/raw/01/0088/03_01_0088_(01_12_16_16_48_48)_c.mp4,0088,01,قلب,test,41,41,30.0,1.3666666666666667,1920,1080,1032538,37c7a5648e64ceefe5cfde7f7a7cd5d9d6d8cd3574b69731725de142fc6da999,c8ff4b302c5af85215b00362054952a75edf7e56c55f151eb1f73eecef8b30fc,False,False,59.71598063170519
data/cv/raw/01/0088/03_01_0088_(01_12_16_16_49_10)_c.mp4,0088,01,قلب,test,38,38,30.0,1.2666666666666666,1920,1080,961334,ab528aefcfd33dc22a756fcf7db621966cc3a422d420ca02bd3202c4cc8ecad6,aeb6b055f2cc187141563e7a14865d9d9282398cc48b8b330b514afbe52cf0f3,False,False,56.87193672069147
data/cv/raw/01/0088/03_01_0088_(24_11_16_16_42_33)_c.mp4,0088,01,قلب,test,30,30,30.0,1.0,1920,1080,851170,c2da63761f96be7e6f1382a86681b73df32242c6bd3634d44e415990bebde8da,1a83189ad98655cde692e3f41868e6bbb6a556f812c9285d13828ab1202b95b0,False,False,37.281737390235094
data/cv/raw/01/0088/03_01_0088_(24_11_16_16_43_22)_c.mp4,0088,01,قلب,test,37,37,30.0,1.2333333333333334,1920,1080,1028492,37a35788a246234f45e744340f3349de3059e110504e3895b730eaa82ad8f62c,18a2e84a62f621f4d237933e12dd19cd5800a7daf7dfbfd6488fa8455c48eac2,False,False,37.55687383434573
data/cv/raw/01/0092/03_01_0092_(01_12_16_17_23_22)_c.mp4,0092,01,مستشفى,test,42,42,30.0,1.4,1920,1080,1125111,8d89e900d2269dccb73544bdbff52fd93f2b1ddac1f6a3f679eb01546dcded11,ef153751a1d041c4f2f3d0cb384fda70c687100322668285d4ac0e7195370b3c,False,False,56.03865427035236
data/cv/raw/01/0092/03_01_0092_(01_12_16_17_23_33)_c.mp4,0092,01,مستشفى,test,43,43,30.0,1.4333333333333333,1920,1080,1166675,6448f3a176e7d885251e7fdfdb036cc26a4a9b96f55349cc5603457b958eefa6,0f7b67b50b5cbe553e8eab4fd9d33f29b3761b3d4bad5d911e4a5770dafc9b51,False,False,55.661062307349475
data/cv/raw/01/0092/03_01_0092_(01_12_16_17_23_41)_c.mp4,0092,01,مستشفى,test,38,38,30.0,1.2666666666666666,1920,1080,1091570,87abbb738b634471365ceeb81e217cc0d5af67cefd3f6221a586c76dbb1187c6,41317942373774be53f23970e9f7f4081c54cf8b3d93fa261f69a608c47060d9,False,False,57.664583281959054
data/cv/raw/01/0092/03_01_0092_(24_11_16_17_18_42)_c.mp4,0092,01,مستشفى,test,68,68,30.0,2.2666666666666666,1920,1080,1745665,acafa920da253aa345a7148ebb9295ccd44f0b4b7f538cabe068748e6762837f,ac81c771f9de616c40d0fa5f787c9de7f171de0e7d66db4a31314b5178e50cb0,False,False,33.27797039496711
data/cv/raw/01/0092/03_01_0092_(24_11_16_17_18_58)_c.mp4,0092,01,مستشفى,test,53,53,30.0,1.7666666666666666,1920,1080,1532432,9d3be1af5339d83ab8f999a8728875426e2d968e21ecbd02ad33c4018efda040,b53587ff751482a57785b7b293a5bb6baea22ee9fef99afab9a63d0f46ded3eb,False,False,33.049248108127614
data/cv/raw/01/0092/03_01_0092_(24_11_16_17_19_13)_c.mp4,0092,01,مستشفى,test,49,49,30.0,1.6333333333333333,1920,1080,1580716,18149650f0efba6fbed935e2b1b714b479254452c74da33fa302b2835c610107,9bf024df601be4497cbe318042c537406931c2a911c77c7df7d39c8e74f08e6f,False,False,32.760522669548706
data/cv/raw/01/0092/03_01_0092_(24_11_16_17_19_29)_c.mp4,0092,01,مستشفى,test,59,59,30.0,1.9666666666666666,1920,1080,1576034,ce1eba9d223bdaa702e4b941cc6b113b545729f43f3dd10caad9a7bd934784c8,548ca5693d6505c6c9d7c082894e926c666ab9bf01d35ef5271ea5306119cb63,False,False,31.7352777210228
data/cv/raw/01/0092/03_01_0092_(24_11_16_17_19_35)_c.mp4,0092,01,مستشفى,test,69,69,30.0,2.3,1920,1080,1744672,dbc28964291b16bad3dc6b780927613af8cb38501c2c745789e982c077750824,848a3b4979a4e0361fcbd5805b3d4a5ab83091c6b08f1dcecb3e85b5fdd88785,False,False,32.972824664817246
data/cv/raw/01/0100/03_01_0100_(01_12_16_17_45_57)_c.mp4,0100,01,صيدلية,test,34,34,30.0,1.1333333333333333,1920,1080,954784,11eab10038eb98fe86244cc9dbbbf94391e39fe19da270d0adfc0c824e87269d,cffcaead154e4a7ca997504e02c65621aa93ed87b8143bb727117c48ae82a062,False,False,76.03103924504707
data/cv/raw/01/0100/03_01_0100_(01_12_16_17_46_00)_c.mp4,0100,01,صيدلية,test,33,33,30.0,1.1,1920,1080,890022,ea02e46dc72e0af8e5bd9b40ccb9c6c27db77f7ab468d964744abdc237004401,857778c909ed1fed9ee8fb0564a7405de820710bacc27d0d7dce85862080f0a6,False,False,74.52437545707969
data/cv/raw/01/0100/03_01_0100_(01_12_16_17_46_29)_c.mp4,0100,01,صيدلية,test,35,35,30.0,1.1666666666666667,1920,1080,973815,4e86cf58ea0234e9e124fac718d63440e9373094ad401332762762b0eb4fc637,42c6364b8af69c7da62b1a7e043ee209904fd8647af2c42e6295acb0332ba2cf,False,False,68.52271218365443
data/cv/raw/01/0100/03_01_0100_(01_12_16_17_46_38)_c.mp4,0100,01,صيدلية,test,44,44,30.0,1.4666666666666666,1920,1080,1184746,c8fc46137a8510363e4582341ddfab2ace41a2eabeda3a63cf15c4502c3bba8c,c1d87ab0972f4d3266eef35f47aa90a4e909b306d6648380bda86d6d38bf49d8,False,False,71.84002987310487
data/cv/raw/01/0100/03_01_0100_(01_12_16_17_47_12)_c.mp4,0100,01,صيدلية,test,36,36,30.0,1.2,1920,1080,959508,f30810c50e697d570cccf44459a07ad6f77f3ae1baf7980587ad231d59c8e096,e190dc1585ed0a826826c4bd9ea916f565e2f174ba1666f43c2faeb374e733d1,False,False,59.208243602420694
data/cv/raw/01/0100/03_01_0100_(24_11_16_17_59_09)_c.mp4,0100,01,صيدلية,test,30,30,30.0,1.0,1920,1080,607384,c9474bd3864f6e551f41448552373461614ca8dbd1dbc40308fb3d026168b801,0c14feb58f84eda7a8d123b0ca05b84ed270d982e5a4686d51b0b400c81b8de0,False,False,27.97704282396151
data/cv/raw/01/0100/03_01_0100_(24_11_16_18_00_08)_c.mp4,0100,01,صيدلية,test,29,29,30.0,0.9666666666666667,1920,1080,617484,756ddfeb7f70c9fc4cd03a6afd417bc9ffb029848e76786480dc6263d1c95bf6,7048f16eca0fb1ac416abec39b02e5e5720440d23a9b29b91654c45f86523e20,False,False,20.959904216837984
data/cv/raw/01/0100/03_01_0100_(24_11_16_18_00_17)_c.mp4,0100,01,صيدلية,test,32,32,30.0,1.0666666666666667,1920,1080,606533,10cdc71dc349e999e162cc1820f1a6f00032a08ca2e757d0e9003ea3fcbc0ab9,67d884a4fb38f3ac373ceb5ab932bc8a22f77cef47fa1f4d756612d45356296f,False,False,23.946942856553363
data/cv/raw/01/0101/03_01_0101_(04_12_16_14_33_57)_c.mp4,0101,01,تحليل دم,test,65,65,30.0,2.1666666666666665,1920,1080,2047514,696afe101896c259a708b8af34f6bb0ad38cd17db4a56900875b5350b6f6ad47,72cef00c1c6737654b420de9f819d4d8d5a5dc2226c61dce9ee27962e8347cec,False,False,63.60054922704803
data/cv/raw/01/0101/03_01_0101_(04_12_16_14_34_20)_c.mp4,0101,01,تحليل دم,test,63,63,30.0,2.1,1920,1080,2006283,815309319bb173756b6e232fb668006784e7084d21a97dabfcb02268870f2eb3,2625fbe35838e510f51a4a459fc25038ec2bc41a2cb83974d84bf679fefcf494,False,False,71.60905380200626
data/cv/raw/01/0101/03_01_0101_(04_12_16_14_35_31)_c.mp4,0101,01,تحليل دم,test,75,75,30.0,2.5,1920,1080,2329912,6da7083042f8d0b80075edf00ebe517067faeabf425775cc5f91a00c5d670b9c,ebbd7b4e21a43cc24af0040c719e6a54332a56de36936ae8131d508c4ba5be92,False,False,72.33871960710415
data/cv/raw/01/0101/03_01_0101_(04_12_16_14_35_43)_c.mp4,0101,01,تحليل دم,test,69,69,30.0,2.3,1920,1080,2157379,2d2b0e8a12e71e1968aa96e16b0dd9bd1eae762710d14931cc3631f642edc15e,2718833b00964b4075469948000d94230beb0bca3bd96073a6862c22ae7c75b1,False,False,71.33094084777575
data/cv/raw/01/0101/03_01_0101_(24_11_16_18_04_28)_c.mp4,0101,01,تحليل دم,test,45,45,30.0,1.5,1920,1080,892363,a707621c62300cec47a948890969b761c9c6f1350513729f27d9e4902cab8d52,0bc277830627c6feda82a3db7a6a8ddea297847ec326df564d0c122cb7b16b1f,False,False,27.025678585952527
data/cv/raw/01/0101/03_01_0101_(24_11_16_18_04_33)_c.mp4,0101,01,تحليل دم,test,44,44,30.0,1.4666666666666666,1920,1080,1022778,f2362ee14bb6777ea10d5a53f2594e25082f0c2bcc631ceba44de9c70d2b05fd,d7e3ee1b1e5eb27b152fdba1aa4d48b6b40005c038ba15fb945005387ffcab70,False,False,28.243186123219303
data/cv/raw/01/0101/03_01_0101_(24_11_16_18_04_54)_c.mp4,0101,01,تحليل دم,test,46,46,30.0,1.5333333333333334,1920,1080,959817,c503213119243bcf1f534d21c80a48ae3a63d909a55a6962b57bc31647dcdf33,e3151171e9312ec7f106de3d1d5f64c55d9d9eeb897cb55ec449f6c0914b1e89,False,False,27.380044665551296
data/cv/raw/01/0101/03_01_0101_(24_11_16_18_05_31)_c.mp4,0101,01,تحليل دم,test,42,42,30.0,1.4,1920,1080,834027,e83d844be27fd0c74a196bf2605ea88a9d6801e1f8ad4f78818c188312fa90a0,15fb475b3881d4de92a34b3f509eff7a2c28f9c3cd00f5453bb04f3b685eabf7,False,False,26.37077246703241
data/cv/raw/01/0103/03_01_0103_(04_12_16_14_41_16)_c.mp4,0103,01,فحص النظر,test,71,71,30.0,2.3666666666666667,1920,1080,1984445,1178897de483d54061c3b5cd84768852ca15bf28a4259b5685b688d5b3dd35d0,1c7057518b181a445806de134faa85d26ea854933a028271e63c083caa3ee2e8,False,False,72.82228732619329
data/cv/raw/01/0103/03_01_0103_(04_12_16_14_42_42)_c.mp4,0103,01,فحص النظر,test,57,57,30.0,1.9,1920,1080,1676145,2a4d9f813c4b78561fc80f20a7db9e69b818a26f6ac6b12f84e759885388d4ab,464a3e736178cd8c03d587585a4e0da72f04de28a786dc2556a129cc7f45db9a,False,False,74.14237991869659
data/cv/raw/01/0103/03_01_0103_(04_12_16_14_42_58)_c.mp4,0103,01,فحص النظر,test,64,64,30.0,2.1333333333333333,1920,1080,1919000,58f9ae6399855cc40e7dd9cc4752dab2dc3aede3eca32e348365014fff39dc3c,c80be7f045ebec6db72078ba963e8b23a87ffca290cf8e0fdb0288ccd19940ea,False,False,78.3163179808561
data/cv/raw/01/0103/03_01_0103_(04_12_16_14_43_03)_c.mp4,0103,01,فحص النظر,test,66,66,30.0,2.2,1920,1080,2030156,d1256633196635eaeb1a838e3207d8f1e70a6a4e845f09cb09af3762fb008539,7e7f7c7252cd8f9a9d19060107f5f6a55763b9dfe0ddfae35ee1a66721c38f2a,False,False,76.49394072576604
data/cv/raw/01/0103/03_01_0103_(24_11_16_18_12_21)_c.mp4,0103,01,فحص النظر,test,58,58,30.0,1.9333333333333333,1920,1080,1418665,bfb87f5fa0d192dfd82346bc27a3f4b5f0be984f6445f95ca85697827950e19c,564ed125c01bdcc88861209ec4a51641cdbf995776c25f2a1b9393030ce5f294,False,False,40.29796962966163
data/cv/raw/01/0103/03_01_0103_(24_11_16_18_12_26)_c.mp4,0103,01,فحص النظر,test,65,65,30.0,2.1666666666666665,1920,1080,1702603,f946e5f2f0e66df7c03ff8be8186b8e825b6f898428eb6ca5a71b732189ec1e1,4f0e43351e033badc5436be288567c25b2cdbdf4a3864f3b8fd737f9b91cb0cf,False,False,41.05930017636379
data/cv/raw/01/0103/03_01_0103_(24_11_16_18_13_03)_c.mp4,0103,01,فحص النظر,test,66,66,30.0,2.2,1920,1080,1711791,52a38c66cb38c7e88e8e6a1c764c46b850f6bfa1b7a2f6ee40c1c91cba8ca07d,3f92d08c5e80e36c0465824522c0e1094b9c81dc42424e3db1a0c578e558fe50,False,False,41.63545184005112
data/cv/raw/01/0103/03_01_0103_(24_11_16_18_13_59)_c.mp4,0103,01,فحص النظر,test,57,57,30.0,1.9,1920,1080,1356039,e672c51610da242e74aa4a6439996633675b21a8f80b207afeba34d2fd0ba27e,3d2cc78edf0e28665b3b895f665a460bb26165851e820eaf2366351d108f590e,False,False,40.22636711892755
data/cv/raw/01/0108/03_01_0108_(04_12_16_15_28_02)_c.mp4,0108,01,تحليل طبي,test,93,93,30.0,3.1,1920,1080,2546777,75e900b39edd7d3f8d3af278e182915c9257dd2649d7240ed891db3256a88f6e,f3a24dcd72279593f963c6e3d3e12935b452106fc45e1e87c1a9eb6afc872d3b,False,False,65.38000527447545
data/cv/raw/01/0108/03_01_0108_(04_12_16_15_29_28)_c.mp4,0108,01,تحليل طبي,test,73,73,30.0,2.433333333333333,1920,1080,2125101,7bcbd602e62a05b7b742c848a28757deeeb8ac1eb404cd99bed0ce158e0b1a50,f4383e15d3dfaf5b3e6868742389afb18ef9236b5ccc8ad28c9a33a47e5b97fc,False,False,63.862059217103045
data/cv/raw/01/0108/03_01_0108_(04_12_16_15_29_59)_c.mp4,0108,01,تحليل طبي,test,76,76,30.0,2.533333333333333,1920,1080,2324429,0fc579434ed53a3f12cd7161f11f3f56badad157c9a9c221deb0b515e43b38fe,d7aa065cb7a8e62d9a03d7362c5a1f2606c7df0cad9e427ee32c70b675440e55,False,False,62.00691501798044
data/cv/raw/01/0108/03_01_0108_(06_12_16_16_30_49)_c.mp4,0108,01,تحليل طبي,test,80,80,30.0,2.6666666666666665,1920,1080,2349333,39b599a88a79c972e3b943d8d7977db039f51b5b7e4ea13d79fbb79b233217da,a5ca9913e86baba0aca612de5d4430fb98fc81c205c278dc2a12b38b7fbd724d,False,False,31.443046499181094
data/cv/raw/01/0108/03_01_0108_(06_12_16_16_31_28)_c.mp4,0108,01,تحليل طبي,test,92,92,30.0,3.066666666666667,1920,1080,2664729,69b71dce768223e1d13ea77c28af0857a60eeaca632082aba0bf3d2a7df3159d,9cac98e905abec3387acb11e0fde220b78306e8e216b75a5a5da5f754f835ed5,False,False,30.73873924307327
data/cv/raw/01/0108/03_01_0108_(06_12_16_16_31_56)_c.mp4,0108,01,تحليل طبي,test,87,87,30.0,2.9,1920,1080,2549566,3dba07257f3cb93e7c02f2a7d0af670d3a6fec8a848027212763bd7b82caab4b,08fac15998c129cccadb1687a4611850037e983e70ea6997c227663d8a020c65,False,False,30.858704531615228
data/cv/raw/01/0108/03_01_0108_(06_12_16_16_32_01)_c.mp4,0108,01,تحليل طبي,test,83,83,30.0,2.7666666666666666,1920,1080,2377929,2b3b81b6870b56abb4b189fb16c6d817e1624f2c05520efb11926325c7782b46,b19d68f97748e458677db73e572c4d73db04ea2b70ef4051bde1afb9a2234dbc,False,False,30.43391952767589
data/cv/raw/01/0108/03_01_0108_(06_12_16_16_32_17)_c.mp4,0108,01,تحليل طبي,test,81,81,30.0,2.7,1920,1080,2470395,69b1e41133c9091bea8db5cdc148697e2eb48320f759adee7eed847cb8efb007,aa5df142ed6a92ceae48f2055e91a96916a152525a072a39d39827aed6ff245d,False,False,30.80476211589714
data/cv/raw/01/0109/03_01_0109_(04_12_16_15_32_54)_c.mp4,0109,01,معمل التحاليل / مختبر,test,68,68,30.0,2.2666666666666666,1920,1080,1950928,7f5639ad6d245151c3771033fcc597ad8364c2531c450ab607d6b891fd8e461c,a00a8e3e9a21f34eb72f21187e7e8801ffbf7803142ff965865947c6288e66b2,False,False,58.219000515783236
data/cv/raw/01/0109/03_01_0109_(04_12_16_15_34_23)_c.mp4,0109,01,معمل التحاليل / مختبر,test,74,74,30.0,2.466666666666667,1920,1080,2195286,76c39aaf3f72189118d9784c1c190c4873bcd946e8983454b8c1a99d8cca76c5,97551db39ad6f65d7de427706e409715678b3030477cc05bc26c2c0776a95d87,False,False,61.84351751680146
data/cv/raw/01/0109/03_01_0109_(04_12_16_15_34_30)_c.mp4,0109,01,معمل التحاليل / مختبر,test,72,72,30.0,2.4,1920,1080,2110409,455fd91113f4bd5e7e9c0e4e5bc952085b6737eb384f679ca28c7db46a379473,d1eb1477d401e092957d054bda37d572764ae5bc659240ddf1002e3af4ed0afb,False,False,64.24319058061391
data/cv/raw/01/0109/03_01_0109_(06_12_16_16_33_31)_c.mp4,0109,01,معمل التحاليل / مختبر,test,59,59,30.0,1.9666666666666666,1920,1080,1901100,fe6868c2bc4cd6e20ddf87928dddf0ec8834ad7511f8815ed09b7d02a824a0ba,97aa12141a468ace7816acf02aff48761f7316859b4d52d106651534944eb285,False,False,28.425956296918972
data/cv/raw/01/0109/03_01_0109_(06_12_16_16_33_36)_c.mp4,0109,01,معمل التحاليل / مختبر,test,55,55,30.0,1.8333333333333333,1920,1080,1683538,3b3cf6bfdc2eff16823b28b1908e93becf019a1a28b7d43a1ad066829e5f5d03,edf7579165cdf0c976de2fd0e156bb48bd35ebd6b8f2c2f596e27a88b7568ee8,False,False,28.02514031956165
data/cv/raw/01/0109/03_01_0109_(06_12_16_16_34_30)_c.mp4,0109,01,معمل التحاليل / مختبر,test,57,57,30.0,1.9,1920,1080,1759980,c8819e2d2b1091c6562b201567b63be51dd4a5cac81b02062399ca03aa81eccb,24ae029dd6a721c450e386f6d5da1f582539290ebc005d504d80ab176a651e42,False,False,27.576790087719452
data/cv/raw/01/0109/03_01_0109_(06_12_16_16_34_44)_c.mp4,0109,01,معمل التحاليل / مختبر,test,60,60,30.0,2.0,1920,1080,1891197,ecccec40ada68cd007fc56cb3ea710be926d32d9495f0f6bd6bf1a8552ae754c,de36d798a8523536cf85485791a5b82e9527fcd65fb70b4512495f3aefd9a26e,False,False,28.232174699636865
data/cv/raw/01/0109/03_01_0109_(06_12_16_16_35_04)_c.mp4,0109,01,معمل التحاليل / مختبر,test,58,58,30.0,1.9333333333333333,1920,1080,1836960,ae1fff956b1c81538b099522d298b74fa0400b6ce36bfbfd9d4b5eed8e3a4b84,658c3852eb82216b9582549a9513ef497432e6df7e0ef5f2f54ae28e0c8e00b3,False,False,28.310432578919592
data/cv/raw/01/0110/03_01_0110_(04_12_16_15_37_31)_c.mp4,0110,01,صورة اشعة,test,90,90,30.0,3.0,1920,1080,2452104,c9be6774850d0b3926d31a576111f5b072634944fb2c56342e25468a7ca8d170,8df9322b220f3392e065d3ee0a3abd2cde7ff4ab8b8288fb19f17d9a14bc8d85,False,False,67.43465422308559
data/cv/raw/01/0110/03_01_0110_(04_12_16_15_39_34)_c.mp4,0110,01,صورة اشعة,test,109,109,30.0,3.6333333333333333,1920,1080,2965429,314bdeafbad1862eb18ead8f3717a6c1966b8e3faa122d082182cbf800be5796,b014a10fac336618054637cfaf25a1fc565de7affdcb72d420b3cafa08d5f51b,False,False,60.65914374854215
data/cv/raw/01/0110/03_01_0110_(06_12_16_16_36_39)_c.mp4,0110,01,صورة اشعة,test,79,79,30.0,2.6333333333333333,1920,1080,2198734,f09e6826615c6df5878635cf485f21310d090f4af589147124d30fcfa34845d5,2674b413d097610511401b58b821dd17b638b117659eec0432aeb4d5d7f8ba8c,False,False,33.744440579698534
data/cv/raw/01/0110/03_01_0110_(06_12_16_16_36_50)_c.mp4,0110,01,صورة اشعة,test,76,76,30.0,2.533333333333333,1920,1080,2483975,3c352823fc5d5d4264fb9696f2717563e484f673bd0dc7d08e893b753049a581,6556d21f6baa12b997425b685919ceeadce2097ce6eed18ab16a426f78d8fa12,False,False,33.11946511819866
data/cv/raw/01/0110/03_01_0110_(06_12_16_16_37_37)_c.mp4,0110,01,صورة اشعة,test,90,90,30.0,3.0,1920,1080,2356764,4ecbec4111be6394adfe46945ab324b7e341debb7dee71fc3879d541d97f0447,2652968636f7d610a0bc6e8b303162a4fc0d5a335de458594ac0e66fa12492fb,False,False,33.661552269837784
data/cv/raw/01/0110/03_01_0110_(06_12_16_16_38_11)_c.mp4,0110,01,صورة اشعة,test,80,80,30.0,2.6666666666666665,1920,1080,2461173,a6bc71a96f78921c029e949040a0471d6455675890200984df37c376e3ab21de,ba5a3c781888eeed7715438b29cb72382c8a60ce100ccb69bebfa741529ee9c3,False,False,32.74178236827342
data/cv/raw/01/0110/03_01_0110_(06_12_16_16_38_16)_c.mp4,0110,01,صورة اشعة,test,83,83,30.0,2.7666666666666666,1920,1080,2453623,af2f77ef6dc7d10ce04a72a0c04e0117a5a9ca2559a1b8c57c94f238737a4204,d998489b27b3c73e2205a570248a559e30e5e1d6814715ead707b474f7416a94,False,False,31.540950389804497
data/cv/raw/01/0110/03_01_0110_(06_12_16_16_38_27)_c.mp4,0110,01,صورة اشعة,test,81,81,30.0,2.7,1920,1080,2415176,5f8c2e60bc6d9aab7ff2d86aca84eda3da9ca169a360444fb58efc453f378f2d,94376b67e9f717f8f69b8c3c2f2a898caeedf094076e4d1d318137bfbef162cd,False,False,33.75136904111541
data/cv/raw/01/0115/03_01_0115_(04_12_16_15_58_14)_c.mp4,0115,01,صداع,test,60,60,30.0,2.0,1920,1080,1747182,e6e9e7bc5561dc7ed2c2a8c9040edeedab1017572635daede0ba2f10b2cffc9e,848dc1b27f23660f996b6542eda4aa906dd9a328a9e91b9efae7bdd309bf484c,False,False,71.90528235764424
data/cv/raw/01/0115/03_01_0115_(04_12_16_15_58_52)_c.mp4,0115,01,صداع,test,73,73,30.0,2.433333333333333,1920,1080,2087287,fdffeae0bfcd14af548505d0f3a535dbba805ae64e40d6d65fe8a417a38fde37,9941c25f92c89d80752e3e0ea4d37316ff143f83788894b35991ed460aa8a762,False,False,72.68905477738662
data/cv/raw/01/0115/03_01_0115_(04_12_16_15_59_23)_c.mp4,0115,01,صداع,test,67,67,30.0,2.2333333333333334,1920,1080,1971194,15e1a36c5446383a2e3f9cc77f18a7322b42292d12c6f491222a22bd4d48eb6b,a901b37bf99ff6603a01a3e4b20f08b0e2426b1111bf50d3cd65b52e5b6d8bb3,False,False,73.74444998165447
data/cv/raw/01/0115/03_01_0115_(04_12_16_15_59_28)_c.mp4,0115,01,صداع,test,80,80,30.0,2.6666666666666665,1920,1080,2222058,a7aa01bb7b2938340768966f109d68854ab047490443e4edb19a20a3183b47e1,0548cf07f732b0d17e64ef8f413e402c238494d0659b0dc1355b714fcb8d65c9,False,False,74.76170087929302
data/cv/raw/01/0115/03_01_0115_(06_12_16_17_07_57)_c.mp4,0115,01,صداع,test,40,40,30.0,1.3333333333333333,1920,1080,857705,24d50bf526e2b8a19cf78a4313d375c7dbff6fa237dce3b2627f814e3b6abba5,38fb5857f89dd5c469d7a8c7fb8cbd1e2cb8e8c242e005538a9d6604fa9c3f5b,False,False,35.74887464363309
data/cv/raw/01/0115/03_01_0115_(06_12_16_17_08_04)_c.mp4,0115,01,صداع,test,43,43,30.0,1.4333333333333333,1920,1080,974278,427bb8b70617db17400143d9c14988a58617cb9ed6147b175a6af4582a4c38ed,d2bd904bb443fa44ce5495f519dc0f2c75f0adfa33d61ce8ec1bef24ad85e16d,False,False,36.81139246729412
data/cv/raw/01/0115/03_01_0115_(06_12_16_17_08_46)_c.mp4,0115,01,صداع,test,49,49,30.0,1.6333333333333333,1920,1080,1314023,dc6b1dafd35e1583670cbfcdc6b65daa87c0d5d0cfa876611af994e2638ce8ed,b840ccbd742d39ef6bc6fdad6316b7449f532ccc354fa1c6514dc813f5a0ff78,False,False,36.59562352113402
data/cv/raw/01/0115/03_01_0115_(06_12_16_17_08_53)_c.mp4,0115,01,صداع,test,51,51,30.0,1.7,1920,1080,1448385,71ec8e8d9d39a122c0f61965dea7b4b8e3a7ddc1a534ace64c7f9eeda4bcb8fc,4bb2f8444aee24433c29e45ee735c38ec49beb6e2a121857550f36d7756c86ea,False,False,38.007504799307554
data/cv/raw/01/0116/03_01_0116_(04_12_16_16_01_38)_c.mp4,0116,01,ألم,test,46,46,30.0,1.5333333333333334,1920,1080,1109681,21742f483b3f4832e47a50f81d5c48d14141279fef90d5b59d6a045e7d6623e5,77b7200ac76a8f547cb3316d64a5bb5e3961744165fb7b25e31323189e3ee858,False,False,74.20276403332423
data/cv/raw/01/0116/03_01_0116_(04_12_16_16_01_42)_c.mp4,0116,01,ألم,test,48,48,30.0,1.6,1920,1080,1257893,946432889cd9e326d05b07b5a4645212214419f1bb400bb8a7c004a233b33184,7554e26639f7a1353d04758669f82687f935f8d95f056111d5ba357d9ecbbc08,False,False,73.9743530507223
data/cv/raw/01/0116/03_01_0116_(04_12_16_16_01_46)_c.mp4,0116,01,ألم,test,49,49,30.0,1.6333333333333333,1920,1080,1258591,1bc16ed5d81fc686d3b3de7156dab241e7a058beb0326a56a41d2fe748edf565,b9c6e908e7fad4bbfd4a3baee77e5c69ddbec5485b63ff43cb44261cd77b3a30,False,False,74.03578606207833
data/cv/raw/01/0116/03_01_0116_(04_12_16_16_01_53)_c.mp4,0116,01,ألم,test,45,45,30.0,1.5,1920,1080,1004971,74a93731465821a8be3d27fba546f5ac9e8e5b3cabb05127dfdc20bff919e441,7b377408ccfb2539c43fdc26728fcd500de8fe540a62696c451d335fa0745671,False,False,71.66326870980993
data/cv/raw/01/0116/03_01_0116_(06_12_16_17_10_02)_c.mp4,0116,01,ألم,test,32,32,30.0,1.0666666666666667,1920,1080,535639,a846080cb0133dc7de7d439821a888fef76537297d74649a2efe69e3b6405826,76d0209474cfe29eae00fca6b7b657488efe3ea2b267025d4990defd0e073bb1,False,False,40.48233168016505
data/cv/raw/01/0116/03_01_0116_(06_12_16_17_10_13)_c.mp4,0116,01,ألم,test,35,35,30.0,1.1666666666666667,1920,1080,563154,fea5f5fa625a0a12b41aeaa50606e12d88c205ae90669ecd75b8409ffcb921f6,05d1e890273784826f42a10063aa0dc0c8dd1965ac963663afab1caeaab4b3fd,False,False,39.52417341365154
data/cv/raw/01/0116/03_01_0116_(06_12_16_17_10_34)_c.mp4,0116,01,ألم,test,37,37,30.0,1.2333333333333334,1920,1080,657811,b732fa337eb0ec546abe95e686f9ab8b0c04e4c2b4d95d8931905b41e3f54439,e34fc1ebb131224df5625da6c1e7acdce93cffb2d5375019fda35c95f2fdabfb,False,False,40.33132667374729
data/cv/raw/01/0116/03_01_0116_(06_12_16_17_10_47)_c.mp4,0116,01,ألم,test,31,31,30.0,1.0333333333333334,1920,1080,528950,4fc7cbb2b43be643531f3b182b9701a014c9cdfe00085be0c3c4e75657051110,864411ab12e8aae6b9f18018450705a6ab391db20cc4629e68da994a9d04ec09,False,False,39.34770398543639
data/cv/raw/01/0129/03_01_0129_(05_04_17_16_13_18)_c.mp4,0129,01,ضغط الدم,test,46,46,30.0,1.5333333333333334,1920,1080,1176377,815f90cd6ffca7f4d0820470964e06ee0a66dc748be30f5d7921fc688a79699c,99788ee0ac7afbd266cfbe66591582fdc495424410494aeba746d8df515f4b23,False,False,29.5948444442713
data/cv/raw/01/0129/03_01_0129_(05_04_17_16_13_39)_c.mp4,0129,01,ضغط الدم,test,44,44,30.0,1.4666666666666666,1920,1080,1139798,37e40885b4cf938d7055ddef0873c47c93f878bdd94d593a6175d9ad86e8b916,e1a941cb2cad0b55302dc01d43cc762767f0e6285714b47e17dedaa2688e07b7,False,False,28.892696676963197
data/cv/raw/01/0129/03_01_0129_(05_04_17_16_13_53)_c.mp4,0129,01,ضغط الدم,test,46,46,30.0,1.5333333333333334,1920,1080,1376607,4de37893129927fb33620d94bc4b32550679e3ac93909e2a09269f2243e32de5,c26c201852a1fcd5dbc41a165ad87acd16fe04a90cd5172cf856046923f07fd0,False,False,29.765802667900893
data/cv/raw/01/0129/03_01_0129_(21_10_17_13_56_53)_c.mp4,0129,01,ضغط الدم,test,30,30,30.0,1.0,1920,1080,566517,57e0746a1fd53febe9307f56d32686b5f27abc6c2a7406b69dcdc26afa213cb6,6f33a84f9a9b6123a48c292214852c8f988895d7a083056f6ab2ba49506f55a7,False,False,27.783928429465984
data/cv/raw/01/0129/03_01_0129_(21_10_17_13_57_05)_c.mp4,0129,01,ضغط الدم,test,35,35,30.0,1.1666666666666667,1920,1080,511943,aba32d2f41656544caf188c9124e4915b3ffa12e0fd0953d3a4b16fd1e8e494d,0291325183b71f612d74b3471a8d6b0a1b5fe119417e3fdd02e32446d1ca17e1,False,False,27.939506159665925
data/cv/raw/01/0129/03_01_0129_(21_10_17_13_57_13)_c.mp4,0129,01,ضغط الدم,test,34,34,30.0,1.1333333333333333,1920,1080,513687,3d3eb45a9d2e28d09f9bd32de1a21317087b6afcca320081d17448fa4b6cb022,d23d5f8d868e6c6494a618a51f8411c5a85a2030bc077746a42fe155f72e0fdb,False,False,27.970545910359867
data/cv/raw/01/0129/03_01_0129_(21_10_17_13_57_18)_c.mp4,0129,01,ضغط الدم,test,30,30,30.0,1.0,1920,1080,557186,91bf5590bb4f0535ad0eb33825456f7466ee2b50a008d7bb62a51e2dd357d0c6,b34438731a97d1995dc5768b48494a0fc36e2d8bf1dac7f18c12c2afae0ba724,False,False,28.951147754810474
data/cv/raw/01/0129/03_01_0129_(21_10_17_13_57_21)_c.mp4,0129,01,ضغط الدم,test,31,31,30.0,1.0333333333333334,1920,1080,559674,68f698680c7bbbcfd2da1396be89acadbf903a2ebff9b9ccaaecc393c0b45e38,dc62323f84e67cb0e27b4449679963aba59e7cde0f9d1cf21dd5b6a17be4f9d7,False,False,28.503124994905832
data/cv/raw/01/0132/03_01_0132_(05_04_17_16_20_03)_c.mp4,0132,01,دواء,test,43,43,30.0,1.4333333333333333,1920,1080,831203,880845ae9ce8cac428c57f6e551ed5473e890cc553d45dbd66c9794c093359a7,1b5cd6656c48991f124683047cf648d67660d0daed4ad6d672d93e184977a764,False,False,28.85745124062374
data/cv/raw/01/0132/03_01_0132_(05_04_17_16_20_08)_c.mp4,0132,01,دواء,test,62,62,30.0,2.066666666666667,1920,1080,2327817,9919109b46e6880d9cc0c0e4ec89b2546b0c55122ed840273aa22fd88fb28f76,580f6f62e65d39cfe9fabd983c8286b8584bce8dcbe74e8b853ce31885d08738,False,False,32.47350667644548
data/cv/raw/01/0132/03_01_0132_(05_04_17_16_21_57)_c.mp4,0132,01,دواء,test,30,30,30.0,1.0,1920,1080,387072,e6c3266597e019b3f977b4e3faa5fc5b56a3f4ce39140b469375d1a147fff799,c5410fbf564a7484b8b61da7f5a56a3769b3033633b28dc0ed339c81f2e12289,False,False,29.296678716662164
data/cv/raw/01/0132/03_01_0132_(05_04_17_16_22_03)_c.mp4,0132,01,دواء,test,37,37,30.0,1.2333333333333334,1920,1080,410803,c01acc1f306e94ab35a7dd3c24145c9d2eeaf3ff566bc41a7a7ee4bc00aa7463,7350d097628e1cced6a7a89bb9fcd80af0c3eb93106aad43c5e287724bb86a21,False,False,29.44559650929676
data/cv/raw/01/0132/03_01_0132_(05_04_17_16_22_36)_c.mp4,0132,01,دواء,test,37,37,30.0,1.2333333333333334,1920,1080,425380,ab9b901c45057ca6f0772ba8fe60432b3b3e1a3cba01404e0eb9255b2a4c68a2,61118c6dcaf1856d1b503711e49b11c8b43dfc047f2282551cde67e7c46324b3,False,False,28.245182241163125
data/cv/raw/01/0132/03_01_0132_(05_04_17_16_22_46)_c.mp4,0132,01,دواء,test,35,35,30.0,1.1666666666666667,1920,1080,398239,9ada049afb6b41cfdde1cfb1f509a72aab2da7b5706ec404fdae51aaa344b6f9,e26a95a552b97cec2a437f10a5d8f3e099251659052152595af335a33028a1b3,False,False,27.310351058753906
data/cv/raw/01/0132/03_01_0132_(05_04_17_16_22_49)_c.mp4,0132,01,دواء,test,35,35,30.0,1.1666666666666667,1920,1080,401617,68a69e45cd7e4b779ea5d37d553e6856580e122528802d36130281ea6229c2b8,2d52349b66d9d7b5ca3383ace922a17637279a4934c5c1e21c274815a0d256f9,False,False,27.584494991907516
data/cv/raw/01/0132/03_01_0132_(21_10_17_14_02_44)_c.mp4,0132,01,دواء,test,31,31,30.0,1.0333333333333334,1920,1080,465086,c1ae578563e032db265941220c2b4b5f10c259ac1f1e6915c366205f7952d03e,91a377f763536b446d8a7f8444a20a47858ee2c33239475d24dd5e75a390bbf4,False,False,26.396175250719274
data/cv/raw/02/0088/03_02_0088_(12_12_16_16_37_54)_c.mp4,0088,02,قلب,test,37,37,30.0,1.2333333333333334,1920,1080,682676,94b9936b36f3f63206353d97bef6616ba636901ab318fc10f68a4d791099f7c8,a3cb1d872879fe5f3b58958112e6bbbc1d433fe11f989f9008c396313c7aef7d,False,False,34.62287696014949
data/cv/raw/02/0088/03_02_0088_(12_12_16_16_38_04)_c.mp4,0088,02,قلب,test,37,37,30.0,1.2333333333333334,1920,1080,727552,49be17389625cf6e45cc283404fa273a312cc8f6399247d713d4b6b564644cef,9a5c163cccb704175cffc7654f56ee28069eb3dce63d60a2eddd516e82d5c435,False,False,35.57862879387289
data/cv/raw/02/0088/03_02_0088_(12_12_16_16_38_17)_c.mp4,0088,02,قلب,test,39,39,30.0,1.3,1920,1080,759756,2beb1838fd78ac45218f3041222b1cf0872bc374e163332a5a8a1702b85cc355,95af3dd703bf56ab2a92b7e2f0269d714cde1348b06fb984930f7a92cc25aed3,False,False,34.33924504181661
data/cv/raw/02/0088/03_02_0088_(28_11_16_15_38_12)_c.mp4,0088,02,قلب,test,35,35,30.0,1.1666666666666667,1920,1080,573618,42c0be096ae57cefb45b66ab75d974e7b108a3920ce14412346d2e2063b24678,f86cc917a258d45b6f62591db8ad1441637c2036d0a4d8ef6e995a2417c7e251,False,False,45.38888598800168
data/cv/raw/02/0088/03_02_0088_(28_11_16_15_38_24)_c.mp4,0088,02,قلب,test,40,40,30.0,1.3333333333333333,1920,1080,810620,926b2d4992d3ba9e971e479e45b8e076873ae184c88f9af2e4cefc0b8fff644f,2164ec010422bc6c649fdf0cca0069ed7c4a4f56cb1a1c533ce367726bbb311a,False,False,47.0883945529058
data/cv/raw/02/0088/03_02_0088_(28_11_16_15_38_38)_c.mp4,0088,02,قلب,test,32,32,30.0,1.0666666666666667,1920,1080,539412,7e379b957a7aef58d68672a4960c15537deca0ca3115e38dbc4517eca2b31532,63d6a2ba1c3cbea4a85784d890c44107acc7cf072d1e6ada035a5db81b13278b,False,False,46.53116606012085
data/cv/raw/02/0088/03_02_0088_(28_11_16_15_39_09)_c.mp4,0088,02,قلب,test,26,26,30.0,0.8666666666666667,1920,1080,613876,6eac8905a586196caada122423d3a2d12b73d2e9f7c2d393d801fbf599fba145,ce81e2ba3b226a1e5ed970a08d84e88772caf7ac41321ae90aaa5ba7c9fcb1d5,False,False,46.87988396899981
data/cv/raw/02/0088/03_02_0088_(28_11_16_15_39_11)_c.mp4,0088,02,قلب,test,36,36,30.0,1.2,1920,1080,631900,c2bd7599f71ef2df74a9720b0914a68ac561d91a4166b4000636ced90345c877,35b417864a4d02a22e84553843d4261f7fb91867c3bc73854d0827a44fab25c6,False,False,45.40932725679909
data/cv/raw/02/0092/03_02_0092_(12_12_16_16_47_18)_c.mp4,0092,02,مستشفى,test,44,44,30.0,1.4666666666666666,1920,1080,1063770,e529d117d7cc0f15b3a1a227943ca87ebf6b0b513e26b3893558f586cb11eee6,f7030cf1b58670d2099f3d7f962313982baedf40e4fbe8c60c16e75b75ab20e3,False,False,34.38844828579203
data/cv/raw/02/0092/03_02_0092_(12_12_16_16_47_37)_c.mp4,0092,02,مستشفى,test,36,36,30.0,1.2,1920,1080,792596,5c0f7b7de28db27dabae7660a9837c0105c57aad58244b4eca399b09d4d23ee3,59ec24683dfdc459fae1d171c9a6ed4bbd41578472d3edc4a0d4ddcd51414c78,False,False,32.95546002108517
data/cv/raw/02/0092/03_02_0092_(12_12_16_16_48_20)_c.mp4,0092,02,مستشفى,test,38,38,30.0,1.2666666666666666,1920,1080,832442,91ef5e0d10f7f0afe3dd17d2f879d5d4906036e3aa0606b07a622d0dc5e066e3,2f2d21b5495d1a266f3a5f56fae122867dbd5e0ad5969458e6084a1c51398d5b,False,False,33.979285224300334
data/cv/raw/02/0092/03_02_0092_(12_12_16_16_48_27)_c.mp4,0092,02,مستشفى,test,44,44,30.0,1.4666666666666666,1920,1080,1086609,72358d2a0cfb9a6d447b6f8ea386c77bfaae6bb328bf76cf90852c440cb94a9e,6efb61bc8ed8b80b233e1ff0ceafe44b196fcb2cc7bee60a86382f0e7e453423,False,False,35.22014484392041
data/cv/raw/02/0092/03_02_0092_(28_11_16_15_51_22)_c.mp4,0092,02,مستشفى,test,42,42,30.0,1.4,1920,1080,958111,b5c0b23112a7794739e15c8cceb3343c138c34b4b6fd823acb7e41aa0a361312,0f4b4b97e7244230e1257805fd3cfc84013ed18771924bfd673c16e17c35b101,False,False,30.56990788779995
data/cv/raw/02/0092/03_02_0092_(28_11_16_15_51_47)_c.mp4,0092,02,مستشفى,test,40,40,30.0,1.3333333333333333,1920,1080,969233,f904235adbc0deb88d6caf731eb796481afc45d7702a0ec4ffb657b7bfcde8d7,586dad4390bb1a4e9b75a5051d8aa2a970b762ad879299ea6d8c0c09de38dfa7,False,False,29.642377263574843
data/cv/raw/02/0092/03_02_0092_(28_11_16_15_52_50)_c.mp4,0092,02,مستشفى,test,38,38,30.0,1.2666666666666666,1920,1080,882100,f1341ef5b9039a804e5776822967dd4878def08f2cb18fb113cd3e197b4de2b9,99807f74b59d6e2e3ce13489c91db5eec11121909a549c740654aa58845057b3,False,False,28.672635029851133
data/cv/raw/02/0092/03_02_0092_(28_11_16_15_52_59)_c.mp4,0092,02,مستشفى,test,39,39,30.0,1.3,1920,1080,910451,a37f29f1699d11042b5fd8d1ee36274d06b41ad1c8fd8831cf872e701d34b844,2eb9be8ccc6052b6910947030a26cbf7ccdf40dc3b758cbca0f5db3b04822f73,False,False,30.555473069485966
data/cv/raw/02/0100/03_02_0100_(12_12_16_17_23_46)_c.mp4,0100,02,صيدلية,test,43,43,30.0,1.4333333333333333,1920,1080,1097066,177e294f401bb1cc2d3937850226b28ba0ed53516904ba8452115efeadda2faf,8c948a30ed3a08d46ff2a7d48c93a557c122b7819de9491d70b19a83404417cd,False,False,28.077370168764347
data/cv/raw/02/0100/03_02_0100_(12_12_16_17_24_01)_c.mp4,0100,02,صيدلية,test,47,47,30.0,1.5666666666666667,1920,1080,1326807,a2d03e8e65743b83a84d75696c491d7113340da0aeec9d2d92dcce0e3f77073b,622d97018cc32ca44ac05aadfc001cd82e364f4341cc539a46493fdde5a38677,False,False,28.707096970993273
data/cv/raw/02/0100/03_02_0100_(12_12_16_17_25_02)_c.mp4,0100,02,صيدلية,test,32,32,30.0,1.0666666666666667,1920,1080,761372,db9aab7fcee751a9c6c956c1282b6f5885d800a83f567b61cebf947cd3971c93,23ccdc6cb106f7b6e05b6ea2c1eea45296b64fc3ae81ccf45850d49d5d8b8d41,False,False,25.86854111883846
data/cv/raw/02/0100/03_02_0100_(12_12_16_17_25_12)_c.mp4,0100,02,صيدلية,test,40,40,30.0,1.3333333333333333,1920,1080,1026022,835d6b8b75317904757b3c0074823454437c973b290fcd6c2c35bbd0e84eff36,58a03e0ac95d371e1388b8b495c80a0d3bea43a8236e3cd64118d24a7709f840,False,False,28.879670787504757
data/cv/raw/02/0100/03_02_0100_(28_11_16_16_15_05)_c.mp4,0100,02,صيدلية,test,48,48,30.0,1.6,1920,1080,1405537,2339ac4dd247b408ef9b07998fe8265a496cfc1dac2c7dbec9ed592506aa0433,23cddb8f21efa9cbce2af6946230c5625dbc5a28491453566af9f27b5a5e6b31,False,False,31.796976683378404
data/cv/raw/02/0100/03_02_0100_(28_11_16_16_15_15)_c.mp4,0100,02,صيدلية,test,40,40,30.0,1.3333333333333333,1920,1080,1050016,c11fb46524325fb0c5e01e242b0fc43627ee770c8f971daa914507083ddd6088,eae8c6bf739e76a561e0815c8d01cf460b14043f3ffa6a91695ef54ac98f21bc,False,False,30.0162292105383
data/cv/raw/02/0100/03_02_0100_(28_11_16_16_15_20)_c.mp4,0100,02,صيدلية,test,48,48,30.0,1.6,1920,1080,1349265,09bc6c5734b267bac908854dbbc3fce15f8614cfca9fb05f062cbb1f41f4c8ad,00bbf2dc3468bdb4d425d09602623ec6c4f02502aade04fe18ad6e4ded5f1765,False,False,30.120981814979167
data/cv/raw/02/0100/03_02_0100_(28_11_16_16_16_21)_c.mp4,0100,02,صيدلية,test,39,39,30.0,1.3,1920,1080,1043050,b9920adcc65c57a2d127fda028f64ae925279b8547d012cdf92bff790334ca3b,34f07a29454a29ed685dbee43edf25bd3b14c54ddc166df7f15c391674325b5b,False,False,32.685534270597415
data/cv/raw/02/0101/03_02_0101_(12_12_16_17_26_36)_c.mp4,0101,02,تحليل دم,test,43,43,30.0,1.4333333333333333,1920,1080,1077128,eaf6a5dc306ce23d856d120d87df0475446a2f372afda2d5a3cda9ca424c172d,608b483876bd238b5d45640b4b0180919712f39bdd49918a0a9105e38899b56d,False,False,24.911406885057147
data/cv/raw/02/0101/03_02_0101_(12_12_16_17_27_07)_c.mp4,0101,02,تحليل دم,test,48,48,30.0,1.6,1920,1080,1283542,4c496d2bfafb7916f43b3f7ace142bc4801de6be8a5a29f80b4be4428b1b161c,b6f9b0185d90462499eda65829717c62a7b33015687449e8a9cda38d4ed61fd3,False,False,25.960091305998173
data/cv/raw/02/0101/03_02_0101_(12_12_16_17_27_29)_c.mp4,0101,02,تحليل دم,test,40,40,30.0,1.3333333333333333,1920,1080,986475,fc1b6c6a9d50e649c621acf560ffdc374c8dc263088f276b280b27e78d208acf,d3e7a69c8a868cc7271ee6b175940eda5c31585923b57f3ae4e3808e664c7911,False,False,24.250977233580542
data/cv/raw/02/0101/03_02_0101_(28_11_16_16_18_26)_c.mp4,0101,02,تحليل دم,test,45,45,30.0,1.5,1920,1080,1200472,f4de82d880b1a1a1d93de834817fbaba44e1ae81b2ac7fe8f564e637c4edaa57,767941d2c245a6d24d7725925bedb0c88a56a609d876d9fb8ce54405cdc7a067,False,False,28.090552866970295
data/cv/raw/02/0101/03_02_0101_(28_11_16_16_18_55)_c.mp4,0101,02,تحليل دم,test,50,50,30.0,1.6666666666666667,1920,1080,1429496,727354f2cd1bf1cbc56cc66ac15745cb4a6bf68313fd0eff0c5aef55402345da,8b51002f1970e77b52308ccab8f602a0d58e35b5757c31817e334ab83ada04af,False,False,27.46969087551834
data/cv/raw/02/0101/03_02_0101_(28_11_16_16_19_25)_c.mp4,0101,02,تحليل دم,test,53,53,30.0,1.7666666666666666,1920,1080,1513845,9fe51a37b20080bc4b9ddf43f779405b4207437a8df74b4e4f0f55f5c5100bd1,789fb9ec3555cbd3c975e8a2fdc0dfb63f3519d9fd25fa4016cbe1498a5a721f,False,False,26.99306226083726
data/cv/raw/02/0101/03_02_0101_(28_11_16_16_19_54)_c.mp4,0101,02,تحليل دم,test,43,43,30.0,1.4333333333333333,1920,1080,1157386,5287dad6ccad3c567dccdc3ee95403368f52eb848c07f2438f8cacdb76f8d259,5f450402e5881e44cb9cf93169771e20b6c24b3646eda258df1695083d72be13,False,False,29.37999492279306
data/cv/raw/02/0101/03_02_0101_(28_11_16_16_20_00)_c.mp4,0101,02,تحليل دم,test,50,50,30.0,1.6666666666666667,1920,1080,1457710,18db78e85d007364709118949f6cf1ecdb7ca234859272e2044eb64d8c315c17,340fd3e921d7299a54683e635524dee71d1e251b23dd85471d139b4d730bb050,False,False,26.29962567871168
data/cv/raw/02/0103/03_02_0103_(12_12_16_17_31_26)_c.mp4,0103,02,فحص النظر,test,49,49,30.0,1.6333333333333333,1920,1080,1337438,336f59992b951111750871ed8950dbc93c8158486006eaea534018f1b7009eec,ef2baf4a592c6ed2479913cd16e4a7787e392efd4b28934e8810c4c7b31c9932,False,False,28.354186371247533
data/cv/raw/02/0103/03_02_0103_(12_12_16_17_32_09)_c.mp4,0103,02,فحص النظر,test,51,51,30.0,1.7,1920,1080,1472266,c29e4f1a9c6231408d74c4d88a19c771db93a5ddee7dbf70038e1928584f1b3e,7cad0faabfad17f272ffee9d97443f2c8188331c2b45cb07bce1b8f3181320f9,False,False,29.759035459175454
data/cv/raw/02/0103/03_02_0103_(12_12_16_17_32_41)_c.mp4,0103,02,فحص النظر,test,54,54,30.0,1.8,1920,1080,1629861,721b8b3be86c7cd825c50044d24e70c7b33ad3cb131ca0e8f7b9987fc97577f2,5bc05ec363af97a88c33d10add0d2f84d795647f3a454c62a99c36e3a9a83918,False,False,29.271784303189502
data/cv/raw/02/0103/03_02_0103_(28_11_16_16_25_05)_c.mp4,0103,02,فحص النظر,test,47,47,30.0,1.5666666666666667,1920,1080,1326536,51674aac7e2bdfc5420bd8b760bf6b88ac0928894f5b20a10451e42b6f0a2cd8,37539c89016587074b4e2fdaca8954bb5baee3d39e18c575ff40867c7f3a00dc,False,False,33.59619790266956
data/cv/raw/02/0103/03_02_0103_(28_11_16_16_25_52)_c.mp4,0103,02,فحص النظر,test,41,41,30.0,1.3666666666666667,1920,1080,1094161,a21b55a46130cee45583fce65a5e246f02cc0f41effa09c33c31a98a09909f0b,141d791169ccf5af12ec6bc5bd56766721f0de573c8345f88544af1dbb83aff3,False,False,32.964832410009265
data/cv/raw/02/0103/03_02_0103_(28_11_16_16_26_15)_c.mp4,0103,02,فحص النظر,test,51,51,30.0,1.7,1920,1080,1422499,4cc86b6419b8b740450fc07d9a32943b29a21112b460502d7b0cf8ccf0a180f5,0e7d08feb8fc3a6bf31c04018dc02e7c2d424a083233f3b00d459a4879ec83de,False,False,32.82402292772574
data/cv/raw/02/0103/03_02_0103_(28_11_16_16_26_20)_c.mp4,0103,02,فحص النظر,test,47,47,30.0,1.5666666666666667,1920,1080,1310540,63f5a92fcc02754e6fd37ca02219f41c9d869b01ba2408c4caad4827d097d39a,274523f3f85e1a2faf9d7be1329fd46375b5175776cb026a06d89b361ad685d5,False,False,33.3736766851115
data/cv/raw/02/0103/03_02_0103_(28_11_16_16_26_28)_c.mp4,0103,02,فحص النظر,test,41,41,30.0,1.3666666666666667,1920,1080,1133661,bede18107b6a5630ade59852421f21baf42fe5783483b116a9cb2b231e60b769,cdb61f0c1434b966969b37a71ea594c9f630fda41c0ca88b3fbb14c7644a6a26,False,False,33.449977304533206
data/cv/raw/02/0108/03_02_0108_(14_12_16_15_59_02)_c.mp4,0108,02,تحليل طبي,test,50,50,30.0,1.6666666666666667,1920,1080,1385137,0099ea90e3f1cbc0eb2f7d194a2ffc7ce3e6c8bf27c79c09005a5656178d2ee1,a901b9166f69d1f35e2cde90e0bae45d4e28dbefa51ba2b99eea7c66f0d3a483,False,False,18.687389930376014
data/cv/raw/02/0108/03_02_0108_(19_12_16_15_35_13)_c.mp4,0108,02,تحليل طبي,test,54,54,30.0,1.8,1920,1080,1563540,74d55e0178514a214b0fe1438557cad3a314d199c58f6f4f1cc1204859ad6676,4181e2b190249de2ebb2aedb305eb116cf57b59bc2e3d5c33e052ae2739d237a,False,False,25.945129223724912
data/cv/raw/02/0108/03_02_0108_(19_12_16_15_35_48)_c.mp4,0108,02,تحليل طبي,test,46,46,30.0,1.5333333333333334,1920,1080,1069758,c66a01724c47e4630cbb45cf5b574fbc3f788ebb98c66f56640d9bb3aa45cc5b,b7c1db3413ffea9fcf5b7ad298fecc2b8b9f9c8eeb28c3ee58d249fcfde4e2eb,False,False,27.644712075545655
data/cv/raw/02/0108/03_02_0108_(19_12_16_15_36_01)_c.mp4,0108,02,تحليل طبي,test,53,53,30.0,1.7666666666666666,1920,1080,1503813,7c24a1e4965bdc9dfa48bc5367540769ea825e18098a0ad80090eb735785932c,84d49de7a6f2ae520a0bbe082b2c7938745d288b14621f168c62e3615e7698f5,False,False,27.32841286880617
data/cv/raw/02/0108/03_02_0108_(19_12_16_15_36_05)_c.mp4,0108,02,تحليل طبي,test,57,57,30.0,1.9,1920,1080,1839997,d17cc04f7c5c4e793a0ac118cd832d197402623c8b6df4f18b71caa015692ebe,8095383997d2334c030c87e35f5b55f4fcf3c43db7dc6132a6f72b0ae86799b6,False,False,27.753214175991108
data/cv/raw/02/0108/03_02_0108_(19_12_16_15_36_26)_c.mp4,0108,02,تحليل طبي,test,53,53,30.0,1.7666666666666666,1920,1080,1415415,b30fed726bf8034e6739af22f00bd254e5bfb87d8ea43c151affeb9da2a5b183,742b892da1eb46d021592929181038bfe006bf7c8695251a124f9b654e462c2f,False,False,25.12274546514068
data/cv/raw/02/0108/03_02_0108_(19_12_16_15_36_42)_c.mp4,0108,02,تحليل طبي,test,47,47,30.0,1.5666666666666667,1920,1080,1124359,09776c2c2b48e8f4dc7c733064d89e5d1f526b7cfcda62a4cf57eaae4bd13091,592ba3a69f68db5a165ff3c3b427f631d1a6fe4b3749f443d8f4ada72f876da0,False,False,26.453314972348497
data/cv/raw/02/0108/03_02_0108_(19_12_16_15_36_50)_c.mp4,0108,02,تحليل طبي,test,46,46,30.0,1.5333333333333334,1920,1080,1076711,fbbf72191192002789509b3c5dce79774d6d8ce58bdd8a49fc00431c12ea4664,aa17b25e1a3e0fbde65d741f38a0133c6d7369b87eda8c0c50a98d29eecb2b80,False,False,26.571848449326318
data/cv/raw/02/0109/03_02_0109_(14_12_16_16_00_55)_c.mp4,0109,02,معمل التحاليل / مختبر,test,44,44,30.0,1.4666666666666666,1920,1080,1143116,4f4b8e0b8a3a519c82d05577e0336f2a3ed1cab4a21ebacdc6c14855483472b4,c82754875442a49578db255e6697139fedb992b019bf8487634779350954bb20,False,False,17.872542894808944
data/cv/raw/02/0109/03_02_0109_(19_12_16_15_37_30)_c.mp4,0109,02,معمل التحاليل / مختبر,test,57,57,30.0,1.9,1920,1080,1586727,804f635e8d309bd719cee118d08335000a13b5e02101fef8902c57c557e35f5d,b94eb8f286b52b0f770b99262af4d84538707075a448a35d8bc508eda7822a3d,False,False,25.934020988650644
data/cv/raw/02/0109/03_02_0109_(19_12_16_15_37_49)_c.mp4,0109,02,معمل التحاليل / مختبر,test,52,52,30.0,1.7333333333333334,1920,1080,1400608,e6aab45139d5d28671dc57c6e68deea0e6d8633d98e6f39e4e58c1d371b4d732,52e577c01ed5a80a6371f131c63fd874df82b28459e38494c1b6f28a2528d543,False,False,30.213945774376402
data/cv/raw/02/0109/03_02_0109_(19_12_16_15_38_09)_c.mp4,0109,02,معمل التحاليل / مختبر,test,44,44,30.0,1.4666666666666666,1920,1080,925569,312236ccf807bbb9e4f71fff1f6af9ec11878279a73e695a9b3731413ad25ea3,2716e7158493a93a00785bb7cc31da2d0c89a25a6141cea1a54502afe98b1640,False,False,28.58923417639503
data/cv/raw/02/0109/03_02_0109_(19_12_16_15_38_16)_c.mp4,0109,02,معمل التحاليل / مختبر,test,43,43,30.0,1.4333333333333333,1920,1080,964975,ca5140cb349abb9554a1444b421f169b1764fee7cc4f59a7f340168a98ebfe41,cde0801842f3ee03d072c031a25df1fb2f765bac07254f009f59bd043b854a46,False,False,29.370600404206744
data/cv/raw/02/0109/03_02_0109_(19_12_16_15_38_43)_c.mp4,0109,02,معمل التحاليل / مختبر,test,47,47,30.0,1.5666666666666667,1920,1080,1140978,ecd12c20e92cd7706b8f5e34814c3715051e5c527c3678aba635a7bba3e2f6be,2b88c2b2ed978aec5f3db5ff762897674fa29357445dd248ecc705a6c4de13e1,False,False,27.8456457275158
data/cv/raw/02/0109/03_02_0109_(19_12_16_15_38_51)_c.mp4,0109,02,معمل التحاليل / مختبر,test,50,50,30.0,1.6666666666666667,1920,1080,1373350,83793a5998c938e6a0f888eb13a0bffe27fa589e3c677902ec5420d6541b6528,abf8a7313d7b13fc483b9ff7b3765458ae997c49fa00bfa80c7a22fc02502449,False,False,31.825395427428607
data/cv/raw/02/0109/03_02_0109_(19_12_16_15_38_59)_c.mp4,0109,02,معمل التحاليل / مختبر,test,47,47,30.0,1.5666666666666667,1920,1080,1045796,d4c5bb4bc30e2dc3a2b5d1924e5785c55f4fd168a0b7ddc2f22ca73f1bf85df4,f0551126d36dd6530fe594170e56679a3dfc47061c914856652a4caf1fcf9a79,False,False,28.68334438434584
data/cv/raw/02/0110/03_02_0110_(14_12_16_16_02_23)_c.mp4,0110,02,صورة اشعة,test,64,64,30.0,2.1333333333333333,1920,1080,1996153,6a1b0edf59fc0324265a1cd1d9b6644d0f25785cb0b32070cb527950ec26fed3,9e5deaaa998a2487dc44b168f2ae5586bbbcd1ded4d7307659c66d54d0c5c0e1,False,False,19.550081919415472
data/cv/raw/02/0110/03_02_0110_(14_12_16_16_02_32)_c.mp4,0110,02,صورة اشعة,test,64,64,30.0,2.1333333333333333,1920,1080,1860181,eeb31e9d7a8710c00db1ceb7723beb619b9e73c4cdd2465b1d41a4e76e8588fb,7a7690d4560ecde92be4ecf6e516c519b96587355c9c2c2eda8867e76830d138,False,False,19.685798813008425
data/cv/raw/02/0110/03_02_0110_(14_12_16_16_03_36)_c.mp4,0110,02,صورة اشعة,test,54,54,30.0,1.8,1920,1080,1412751,1a3909bd60e72135e73cf35e98934b449fa3419c9c647ab4f9786e3254944614,55e18b5abbc8891968c31cca44edaa941006b1b06db7a2b164f9a5baf300c62b,False,False,18.885669794379105
data/cv/raw/02/0110/03_02_0110_(14_12_16_16_03_45)_c.mp4,0110,02,صورة اشعة,test,59,59,30.0,1.9666666666666666,1920,1080,1678167,8b84e66920dc6e3b83791f9412149625c0d4b9c3d875158b9fe179c060eacbc1,2f03a457819e7f0d46ceeeeee1a04c90e21c63ede9dd60bc12a2a8f7f3b96d6d,False,False,19.789714958117425
data/cv/raw/02/0110/03_02_0110_(19_12_16_15_40_16)_c.mp4,0110,02,صورة اشعة,test,58,58,30.0,1.9333333333333333,1920,1080,1884381,2ccf91d18186eaa1dc11c39c4178177ae3c3f38c7f11208ed404c380f4972e2b,0fec74941d6e099bd911c21e5c2c422ddcb3fa45ff614a724adf1126db862a92,False,False,31.30880157559986
data/cv/raw/02/0110/03_02_0110_(19_12_16_15_40_20)_c.mp4,0110,02,صورة اشعة,test,51,51,30.0,1.7,1920,1080,1316931,1ad70e137c4e151f4a7fabeb35a177aa9183f0b8c235cddffb9dba93092b057c,97c5848fd141dae7850a23b2a85e40e55b65751599c50d8e312d952c08980a3b,False,False,30.98175968220168
data/cv/raw/02/0110/03_02_0110_(19_12_16_15_40_34)_c.mp4,0110,02,صورة اشعة,test,55,55,30.0,1.8333333333333333,1920,1080,1618690,0400c6f155070e57d6faeed1d5f56bd00fda1fadfe23044f3bebefe1a6bd08e9,3b3ad9f74a503129e01b527af3a2340fad3a6d2aba39fb3a462c42ba31e08c17,False,False,31.440740668327425
data/cv/raw/02/0110/03_02_0110_(19_12_16_15_41_33)_c.mp4,0110,02,صورة اشعة,test,56,56,30.0,1.8666666666666667,1920,1080,1682579,1760c753751828f16f7f2c42e3ed79a2e5c6b7ea1e6b00b04a33f3e1fca9f118,2f46e2e77c0cf5ee4fd80767d220f98e368cf9ae77ad2f09ec77bb1222ef49e0,False,False,31.35108407546353
data/cv/raw/02/0115/03_02_0115_(14_12_16_16_15_48)_c.mp4,0115,02,صداع,test,40,40,30.0,1.3333333333333333,1920,1080,1049560,46182a8d7a7a7f49b95fb4eef04b9e19646e68aa3b29653632571e58bfb1732e,285f89196d8029c6980d0cfe9e91e9b93fd511c4f3d55ac9e04dc701ba1aac60,False,False,19.473525199704078
data/cv/raw/02/0115/03_02_0115_(14_12_16_16_16_55)_c.mp4,0115,02,صداع,test,40,40,30.0,1.3333333333333333,1920,1080,1108582,ab7a25d37c4372ad393a209d9e67a86c92043fcbb730aee1941fbc48059fa72f,fb52ead89af1117da0dbfc3044baa7e9ae4c34fa8abfe216b9d1e0024e09c4c5,False,False,18.32749750993819
data/cv/raw/02/0115/03_02_0115_(14_12_16_16_16_59)_c.mp4,0115,02,صداع,test,38,38,30.0,1.2666666666666666,1920,1080,1011902,5ecdfb4f8cb51ca67f986e61f8648e391e4bac523ddd9919a4ccebfbf8562b8e,f4c998b2a4e628ca10e8e5b475437e7e220844f31e15a23c65bf90f93a22935f,False,False,18.36994639827064
data/cv/raw/02/0115/03_02_0115_(14_12_16_16_17_10)_c.mp4,0115,02,صداع,test,36,36,30.0,1.2,1920,1080,974658,8b7fd0486b1986336773b04dd1535f9c015b29e7b31252268c21025d5444b04f,4804e161cf7be431e132cf1f7509268f105433ff7255fe3d02e3bad74789e5e1,False,False,18.316152985347312
data/cv/raw/02/0115/03_02_0115_(14_12_16_16_17_14)_c.mp4,0115,02,صداع,test,36,36,30.0,1.2,1920,1080,966582,652a6f4f418e0ab4771d7d74660ab6489fb0032a98d5ac698da87e57779febe1,f29e27ccd49585cf30661819171637ededffbe1c5e76612610c61785d6b09ac8,False,False,18.7011100219894
data/cv/raw/02/0115/03_02_0115_(19_12_16_15_51_40)_c.mp4,0115,02,صداع,test,30,30,30.0,1.0,1920,1080,502599,4abffd9dd6ad469c6df4aeb0efc25640b02fe71ed0a66e9fd968239dbe368752,bd529c97bd27066b10a43350064367c5241af89216d5d1030caf8d3549d506e5,False,False,29.8085893964377
data/cv/raw/02/0115/03_02_0115_(19_12_16_15_51_43)_c.mp4,0115,02,صداع,test,30,30,30.0,1.0,1920,1080,494989,13030796d2f6bcb637c759bb68430f5a32ae4afed64958619c9f268443b7e7a0,ce0725b91a32892a94acaf028fd0a5e86ec487f961421e8288c73ab2f28cd391,False,False,30.58688558204673
data/cv/raw/02/0115/03_02_0115_(19_12_16_15_51_46)_c.mp4,0115,02,صداع,test,28,28,30.0,0.9333333333333333,1920,1080,596610,7d77c67eb6b754c45d750e80303b3a877a14b5e83c283bd8686f76b52bebaaeb,4b37a9f92a27454569507bc5815c722dd2af6f7d485dadb442d9977c5870ad4e,False,False,29.782862651940192
data/cv/raw/02/0116/03_02_0116_(14_12_16_16_17_46)_c.mp4,0116,02,ألم,test,33,33,30.0,1.1,1920,1080,881844,42714f64dcbb4a5e396550436a19d828f2d5846f5585c6b5791575cfec058b56,7b5585e5a40006d2202ceac4e0d0fb7ac9bf404a2ee72c4d69b789991a0854f2,False,False,19.848074274889832
data/cv/raw/02/0116/03_02_0116_(14_12_16_16_17_59)_c.mp4,0116,02,ألم,test,31,31,30.0,1.0333333333333334,1920,1080,840742,d02adbdf7eceed3ccfc9ff2d8afe22e5c610078bfe0f1e0bc06941db51a7b441,b0a6ba0ef33965294ad53cecb2a5fa8b74211f48efb221f53f21621ca5ec341c,False,False,19.958482328185195
data/cv/raw/02/0116/03_02_0116_(14_12_16_16_18_11)_c.mp4,0116,02,ألم,test,34,34,30.0,1.1333333333333333,1920,1080,874848,6af2c2381d2fc68f34ec62f3e986e5037c9a5c011692bfc3abc8601bacf6d304,dd45910467e98e2f26bb7e1132980d7e1ef028bb6f02137c3607c1bc1bc3ea34,False,False,19.837960030730237
data/cv/raw/02/0116/03_02_0116_(14_12_16_16_18_18)_c.mp4,0116,02,ألم,test,37,37,30.0,1.2333333333333334,1920,1080,950695,0281dd81fd4c2b960ef820c6f4dc566d1e35ff6ce2731bd863c1536029fc8f22,6a7854de693b0a99a1d1886cfa1e369239b1c16c35a01d96778f4ce89f7a9e9c,False,False,20.252608913104993
data/cv/raw/02/0116/03_02_0116_(14_12_16_16_18_46)_c.mp4,0116,02,ألم,test,46,46,30.0,1.5333333333333334,1920,1080,1138816,1d5c88f6defe11961c9e2865fbbb4886babd2feaf434dff0993e2c2b02c2fb3e,b9fc15be1ace9093ef86b947071ba08189a00e79b6da29afa2af0238bd5f5775,False,False,20.398459185357275
data/cv/raw/02/0116/03_02_0116_(19_12_16_15_52_49)_c.mp4,0116,02,ألم,test,31,31,30.0,1.0333333333333334,1920,1080,447587,b28e3962c0614e98e583bd1315f82f3202786b93d3d97943727dc2e95034f686,18928bcb2abc7ca7ad7165b9ebc9228b4f7dbb8ec630f4fa20273ad148b12938,False,False,30.213100405081196
data/cv/raw/02/0116/03_02_0116_(19_12_16_15_52_52)_c.mp4,0116,02,ألم,test,27,27,30.0,0.9,1920,1080,565417,bca518e8958db268d0db3b1ed3c8a84a4fe226abfd733bebf3648c85ca57ad46,0043b6b0f2559186835a65ce324b2285c0023a34c05f443275d120292959a12c,False,False,30.96933130415149
data/cv/raw/02/0116/03_02_0116_(19_12_16_15_52_59)_c.mp4,0116,02,ألم,test,32,32,30.0,1.0666666666666667,1920,1080,430670,ce7340e22f3b0236fab18436086ebed8f860cf27fca3c3df2c3eda07c98e3fda,24bbe2d4802d19f0a580c9ec022a42d65c585a92fa436d73fbceca4066def5cd,False,False,29.616293875634884
data/cv/raw/02/0129/03_02_0129_(15_03_17_16_27_17)_c.mp4,0129,02,ضغط الدم,test,38,38,30.0,1.2666666666666666,1920,1080,676323,0306dc9f83cb15072b471f2a0d4d2ea1eb54a1f7fc647f1e090311aa9e8ffd97,4006065ef3ffac6f122ce2a2ac6793f9c3baf4c531e9fae10918024cc18c3f1f,False,False,17.96358452509546
data/cv/raw/02/0129/03_02_0129_(15_03_17_16_27_48)_c.mp4,0129,02,ضغط الدم,test,31,31,30.0,1.0333333333333334,1920,1080,554944,80669ce34965a0a1c2cd2c8b1161c6cedb13d00267437a566ca08772293186ad,ecb87ba487c5d21876a2082c55453b1fce928dafa3dc09e600cd8311d9a8bd88,False,False,18.699459444271554
data/cv/raw/02/0129/03_02_0129_(15_03_17_16_27_56)_c.mp4,0129,02,ضغط الدم,test,34,34,30.0,1.1333333333333333,1920,1080,556856,95190388aa2da2050783166036c4601084e9a43ee6c7392dcd5b65f39b481eec,517fef7d4780d0202acf5b5947625c12e98393a34682a41811ff5520956276e0,False,False,17.21102591654855
data/cv/raw/02/0129/03_02_0129_(15_03_17_16_28_04)_c.mp4,0129,02,ضغط الدم,test,31,31,30.0,1.0333333333333334,1920,1080,439270,a42d8b629b181f8e3944cab13e30589e6af3973c878bd28b051ccfc77c776d86,c2538f20300c7d297e8fc270ddade2459203433d486773a306f0472e42acbb72,False,False,17.484635607424554
data/cv/raw/02/0129/03_02_0129_(15_03_17_16_28_07)_c.mp4,0129,02,ضغط الدم,test,30,30,30.0,1.0,1920,1080,482697,b4bc5c9f33c2e93658d69c1b3772615e4d8c926a9d236932a9575f501e62b721,98d642c44a2edf911c9e21e94634ea17d65b5182fe076d954a7a13fc0bf55325,False,False,18.430437258760893
data/cv/raw/02/0129/03_02_0129_(19_03_17_18_58_27)_c.mp4,0129,02,ضغط الدم,test,35,35,30.0,1.1666666666666667,1920,1080,776348,d8d034fd7847f79f5f5f193b2b6b2f5b2483f01b016fa18b2f6b63b48ac3c597,157bf120204c5659a5a47e467edac471c49c9086c5968dad653162d55bd7f047,False,False,20.302928042179733
data/cv/raw/02/0129/03_02_0129_(19_03_17_18_58_30)_c.mp4,0129,02,ضغط الدم,test,35,35,30.0,1.1666666666666667,1920,1080,753799,40eca025cdaeae5abac49ccb353b18a9049108193c7c6ff42e47de518a171c8d,41f7a5580636e2e7aa1af8c11afdabce4e920504eff67aa55c8b1daffa42fadb,False,False,20.35263875806937
data/cv/raw/02/0129/03_02_0129_(19_03_17_18_58_39)_c.mp4,0129,02,ضغط الدم,test,38,38,30.0,1.2666666666666666,1920,1080,879407,9709087fff7acaf95455f82ed1d77d132f1f870cb35f449a5b89282d0b75b103,517a3a0360097f6761ce70552efa46c3bb4e072d6cf5447a224dc2dd139637d5,False,False,20.030458835676576
data/cv/raw/02/0132/03_02_0132_(15_03_17_16_36_08)_c.mp4,0132,02,دواء,test,51,51,30.0,1.7,1920,1080,1633048,00f9ff9549419a5d2ff0827a835b658e88aaf1ecb5ed3ca3506cc101469e0905,1c9b1d98aca56ac5362047b131be01e747029371b01dd3b3e335b2549343478a,False,False,17.382700911575316
data/cv/raw/02/0132/03_02_0132_(15_03_17_16_36_30)_c.mp4,0132,02,دواء,test,38,38,30.0,1.2666666666666666,1920,1080,637316,435ab8a440962b4d95aaec109cc4f7b913912f0ee39a20fb47d2da940dff2142,6a28ec93e8c7a666d1fa3b046bce8702f9d40d02749d62f7dbd583a4b3cd74bc,False,False,15.945429103940276
data/cv/raw/02/0132/03_02_0132_(15_03_17_16_36_41)_c.mp4,0132,02,دواء,test,43,43,30.0,1.4333333333333333,1920,1080,848847,573218f40a251e6f527e264c2b155f2251a8fef8e82482e4bcc4d8bbaad34362,df083cd80129605e5af6d3918ecbdda574abeea783b3fa4ac94e1f8a06cc2ec8,False,False,17.052064474721266
data/cv/raw/02/0132/03_02_0132_(15_03_17_16_37_20)_c.mp4,0132,02,دواء,test,45,45,30.0,1.5,1920,1080,1204097,ba34e8d813fc6b6950eed09584a6457911b5f41cdce3517042cbb4cc81a3204c,1ba4f5a72628ebc8af4a301bc4862ff1d3331fbf75abb823c1fa86c985da11da,False,False,14.23519169044954
data/cv/raw/02/0132/03_02_0132_(15_03_17_16_37_55)_c.mp4,0132,02,دواء,test,40,40,30.0,1.3333333333333333,1920,1080,651853,952f3bb80af9d07a69e349f3c54fa9727f0985b9fd6b4cb00bcb3989d8c06954,c360f7b0f6d445e427705b0f20b6a7fb2aac6369dae226b839bc2adb47301931,False,False,14.443850408085627
data/cv/raw/02/0132/03_02_0132_(15_03_17_16_38_04)_c.mp4,0132,02,دواء,test,43,43,30.0,1.4333333333333333,1920,1080,853993,ee6013335d0318ebd1dd37c5eac85c0b16cf907b6a6e58a738337f190f8ddd02,d5fa42af919ec036e56b40855c6a9dc1d61c95a2e2990883402750b09daa9bf1,False,False,14.668370034580146
data/cv/raw/02/0132/03_02_0132_(19_03_17_19_03_41)_c.mp4,0132,02,دواء,test,49,49,30.0,1.6333333333333333,1920,1080,1350027,8d892b7c053da6838321e37deb1692aa3bc7e636741170f1d3a0360307f0e556,78ad6ff14199719262e4bef6190ed014544dd9599a475864f7a705732681823d,False,False,24.078281346256077
data/cv/raw/02/0132/03_02_0132_(19_03_17_19_03_59)_c.mp4,0132,02,دواء,test,53,53,30.0,1.7666666666666666,1920,1080,1527126,7e1c05eaf32d7a86fb90b5e3c41af20c04e5d866ad1366b8f84e712d1e1afc24,730b1f004b92bb3846f86322153431ee7603e5408d038ce7212bb10a37fd255e,False,False,24.01264794447413
data/cv/raw/03/0088/03_03_0088_(15_12_16_17_22_23)_c.mp4,0088,03,قلب,test,47,47,30.0,1.5666666666666667,1920,1080,1275735,9f354d8d013ccb4052c9b640201996d8a7f969a24f0ade6395499469c27d73e8,53105dd6ff9a34835f49e51ad2bf68a7ba39ca64293269e148354bb1d9e87a57,False,False,38.48334198539093
data/cv/raw/03/0088/03_03_0088_(15_12_16_17_22_27)_c.mp4,0088,03,قلب,test,50,50,30.0,1.6666666666666667,1920,1080,1295707,928de4f5078d5dc4a9437dcfff1cf61ff41418cbb8bfb4ca4bd8fd70b70c7532,42254f3ca3b8b011913e0219ca510bc92584e816ad985742bf30ef477588118c,False,False,38.246644456455186
data/cv/raw/03/0088/03_03_0088_(15_12_16_17_23_17)_c.mp4,0088,03,قلب,test,53,53,30.0,1.7666666666666666,1920,1080,1442399,5e4e5129a78a4efdec08d40a9faaa46842d84a21db536c14c76e8820fef86416,184053e2a2ebb75e7e9de307b74fe570a6adc9870f05761ba4e1059c2d69a32c,False,False,38.830088696232316
data/cv/raw/03/0088/03_03_0088_(20_12_16_17_29_02)_c.mp4,0088,03,قلب,test,42,42,30.0,1.4,1920,1080,702749,7677dd5c6b92615ef65bade591904a8b9e85db0b76521f44ffc1d7bc5aaba9b7,653662f07159815f2e60747352c36524068250e241b2657b082cd94652944da1,False,False,32.520682769682125
data/cv/raw/03/0088/03_03_0088_(20_12_16_17_29_12)_c.mp4,0088,03,قلب,test,29,29,30.0,0.9666666666666667,1920,1080,513801,eab68240aaa9ff781af4ef71f99cedbfdf06ec6eff738a414b0998209f522bd3,b81c79ae216ea9a99264d8528f51c7826e9942c7a2c9a48ffee42d80a306fc3d,False,False,31.52907225955486
data/cv/raw/03/0088/03_03_0088_(20_12_16_17_29_37)_c.mp4,0088,03,قلب,test,35,35,30.0,1.1666666666666667,1920,1080,480344,932adffe1e99cd47de94d43019614c2c624cbc46cc230ef136ae4d1a419d89b7,f774617fefc87a7071d0980a8b0f1f01f2219ecf8127eb0ce84ce80932d72c59,False,False,31.472401983062785
data/cv/raw/03/0088/03_03_0088_(20_12_16_17_29_42)_c.mp4,0088,03,قلب,test,41,41,30.0,1.3666666666666667,1920,1080,634974,5e59de61ef8c8adb72e8ec7a1f95ccc5185e83133f721bdad1a342c740379c7e,a45cc3485d198d37d27c93cf7eaf1c79b8fee876db94c3bc358f62fc92f0bb53,False,False,31.840933725305717
data/cv/raw/03/0088/03_03_0088_(20_12_16_17_30_05)_c.mp4,0088,03,قلب,test,31,31,30.0,1.0333333333333334,1920,1080,463231,7e5de8a069e16b2b3092326f7fe5150d77a5e56e9c70e2d2f2120af5d2016b1e,42b470e965b8cce08c0efd325eadb842a9a894fc27f85d42d1c568533ff30d9a,False,False,30.470807703823517
data/cv/raw/03/0092/03_03_0092_(15_12_16_17_35_43)_c.mp4,0092,03,مستشفى,test,74,74,30.0,2.466666666666667,1920,1080,1976398,8a1f2fe413c273efbbaabf967f98d2db3d3f3e89a1b9fc44bf16a5e176763447,cf9bf314103caf0ecef4ce9799db2968765282329916ae4617b1a66b51d576fe,False,False,35.68627168142316
data/cv/raw/03/0092/03_03_0092_(15_12_16_17_36_20)_c.mp4,0092,03,مستشفى,test,67,67,30.0,2.2333333333333334,1920,1080,1703974,92d07e1a9594dd5f3515f7b0abcbfee30226c60f4d25f29bc6c92eae57e1c721,2355ae353163f9aef354c1544a4cbfb18b4b53eb981c9bacaac56a83dd1912ba,False,False,36.401574315007935
data/cv/raw/03/0092/03_03_0092_(15_12_16_17_37_07)_c.mp4,0092,03,مستشفى,test,53,53,30.0,1.7666666666666666,1920,1080,1433707,627e6b7a33f7370ee348edf288d945775a7903de4c7fff6e50523c79e41818ce,bcd310018d19b3054f3daaf0602e280e5ab694bc8b2e8da346be9d9b5305ea6b,False,False,34.98738230492026
data/cv/raw/03/0092/03_03_0092_(20_12_16_17_42_56)_c.mp4,0092,03,مستشفى,test,31,31,30.0,1.0333333333333334,1920,1080,559300,69c9b68aabc0740d7da39370acf151ec44540cbb35e2cbcac5986908eae279be,077f6be1ee2e57c13b91dccf79bacedc4fb29efd377310280497ccf932cfad54,False,False,20.850235767952082
data/cv/raw/03/0092/03_03_0092_(20_12_16_17_43_31)_c.mp4,0092,03,مستشفى,test,39,39,30.0,1.3,1920,1080,780582,078cc2a4615c63fc83ac1c2ea4817d12dcace18f506ad89ea73be6f2ac47a920,19d7b81bd9cf349f0ce8dee8782fac77909e621c2dc9dbc148be57ebbb702b31,False,False,28.02767649032576
data/cv/raw/03/0092/03_03_0092_(20_12_16_17_44_12)_c.mp4,0092,03,مستشفى,test,37,37,30.0,1.2333333333333334,1920,1080,630953,e855526c2955244e264f87a6610161d00086d56749e822b8c1b2391e022ac65e,89fe875eae36d18145ce0732ee3edbc3286f4888548eacd019634a07e6c6f262,False,False,24.701380649365827
data/cv/raw/03/0092/03_03_0092_(20_12_16_17_44_28)_c.mp4,0092,03,مستشفى,test,36,36,30.0,1.2,1920,1080,640201,98e43c78cc644e573d8e910619b86ac855e0a8a74de5ee4dff24aee887b78463,f877f1846b382132915f5de3e8851fb26b3f46f14136209ace05831da73b4ff8,False,False,27.076774641287056
data/cv/raw/03/0092/03_03_0092_(20_12_16_17_44_33)_c.mp4,0092,03,مستشفى,test,40,40,30.0,1.3333333333333333,1920,1080,764307,a6f35b1ee4965799e78c9518110ef91a243bf53b625d194058e91e7750af19a7,da1e324aa4977fc339b334a082ed729ccec62cffe7f665a203be724a12628355,False,False,28.53934769813725
data/cv/raw/03/0100/03_03_0100_(18_12_16_17_34_49)_c.mp4,0100,03,صيدلية,test,49,49,30.0,1.6333333333333333,1920,1080,1479565,3c4d603f26a1fd565aa509744cd0c747813b68033007c7114d4cb05a751a6a0f,797cf5b73f5784c9088ee4b903e12546179bf5bf4e5feb1a50f110ae67e97f87,False,False,23.11351054769399
data/cv/raw/03/0100/03_03_0100_(18_12_16_17_35_51)_c.mp4,0100,03,صيدلية,test,57,57,30.0,1.9,1920,1080,1612218,1cdfe508dbc6602fac67fb136b6e58b30fa27cf01b06f7cb005bc8e5c6f376ad,0da9f948c3f84504c85b8c856b9da1ded97340346e458e5844af739dac23ff1e,False,False,22.186564885476194
data/cv/raw/03/0100/03_03_0100_(18_12_16_17_36_47)_c.mp4,0100,03,صيدلية,test,61,61,30.0,2.033333333333333,1920,1080,1801347,ae18c89081a3c2c40d0e8ff5dd8b5b21f354d40bdb2545d30a2ce8f386eeb00b,22589c3d406306c61904b8cc9df3e9ab2fc9072175d85e3fbb04c208e10b7471,False,False,22.838255399663222
data/cv/raw/03/0100/03_03_0100_(22_12_16_10_34_44)_c.mp4,0100,03,صيدلية,test,43,43,30.0,1.4333333333333333,1920,1080,857086,2793e271ed5d34882e8f02c431e8e47cc7f49a87f71725309d154cd848e0a11f,de5cf113af0ef1847a0056a8d2f94f7a407914c947636f41546b93ae71e21ced,False,False,22.80026813133157
data/cv/raw/03/0100/03_03_0100_(22_12_16_10_34_52)_c.mp4,0100,03,صيدلية,test,43,43,30.0,1.4333333333333333,1920,1080,969645,637208de265729177452edb0d32c77e0b3036f610fae7f51ae3342b557853bd8,23f9c0e39d0ceee5acca7d4091ddf9a24b9fa2d84f73a39622efc6152633a0a2,False,False,23.83984615785831
data/cv/raw/03/0100/03_03_0100_(22_12_16_10_35_04)_c.mp4,0100,03,صيدلية,test,47,47,30.0,1.5666666666666667,1920,1080,1240108,2ab4e8e42ce44fe2a3abf044c8f2b6017ff38b926fc568882c0ba0517161eee4,9cb3264e3b19964dc046892a2e5a619a54ac4862a9b4c8c8da3bdc122052cd3c,False,False,23.48467351421001
data/cv/raw/03/0100/03_03_0100_(22_12_16_10_35_16)_c.mp4,0100,03,صيدلية,test,51,51,30.0,1.7,1920,1080,1393561,d288fe467d2cd99b3f17175d88d03e953f23c45649cc41fff39d683a7fc1069e,ffb669d43194cea207a0ab99fc81fe32bc305441b576a723e61dbf7173d71c10,False,False,24.471583236324317
data/cv/raw/03/0100/03_03_0100_(22_12_16_10_35_28)_c.mp4,0100,03,صيدلية,test,51,51,30.0,1.7,1920,1080,1536371,9b5f5833a5fa7bfb584f205f4de5e0217360e32a1edef6137f39186cf7c8707d,2d1f93a9ea47462d9bfb341cae5e5a04afdbfb8491d117bfe865f13f21333b51,False,False,23.164665313119745
data/cv/raw/03/0101/03_03_0101_(18_12_16_17_39_03)_c.mp4,0101,03,تحليل دم,test,85,85,30.0,2.8333333333333335,1920,1080,2242885,6b749036223ad12b27c4a6ded3b1c798602c5e628fe475cd5f5c1a10e8da1b0b,048d6669d62c9bd8a7d46c077585d510189e81407fb47b084ae4212a737b08bd,False,False,23.135341865497224
data/cv/raw/03/0101/03_03_0101_(18_12_16_17_39_42)_c.mp4,0101,03,تحليل دم,test,66,66,30.0,2.2,1920,1080,1717694,2a4eec9ef61dc043e93b6c36cfd6a46af447a61339ed30c7eb9093f5ca03ec6c,ab27fd4fc4ae00cc0ecff0b277f0cd0e1fddebf07053999158c9da15c1cd0f9c,False,False,19.219157487765944
data/cv/raw/03/0101/03_03_0101_(18_12_16_17_40_31)_c.mp4,0101,03,تحليل دم,test,67,67,30.0,2.2333333333333334,1920,1080,1720823,d1c885eb2a87b238e824c945bdfdc0714d2ad9accc153bd609a6cd238c7f8f86,6e07643a81f02e51bda18aef394303b65a7c5b696c0762b7f894bfe50568f7fd,False,False,20.901842925723862
data/cv/raw/03/0101/03_03_0101_(22_12_16_10_36_41)_c.mp4,0101,03,تحليل دم,test,66,66,30.0,2.2,1920,1080,2118696,e55a41501fddfafa8a36c6215989c16ded1af6428c5bacf85f191353e0804def,78c89c75e79cb24962a06ffa8775db86c16f1845f4e01f7dbc18520b6d9312ff,False,False,24.41604696830513
data/cv/raw/03/0101/03_03_0101_(22_12_16_10_36_46)_c.mp4,0101,03,تحليل دم,test,63,63,30.0,2.1,1920,1080,2007022,1cfeda37f59936dacb90a7ffd31d335638a188cc4351b26591c55d9293c86c3a,be79fa47e3a577d94a4838074e44b6caca8d23c3a62b4ffc2657265f92c199fb,False,False,24.08095605601256
data/cv/raw/03/0101/03_03_0101_(22_12_16_10_37_23)_c.mp4,0101,03,تحليل دم,test,82,82,30.0,2.7333333333333334,1920,1080,2582423,2bc1669e69fafaa7e959df96e02ffaf10bcdf0287ba85bca5b6c33c8dc57b4bd,017339e9feee4043af67701041dfae0f904710158f099db2dd429d8e005edeaa,False,False,26.800129001672083
data/cv/raw/03/0101/03_03_0101_(22_12_16_10_37_53)_c.mp4,0101,03,تحليل دم,test,75,75,30.0,2.5,1920,1080,2433829,288254829c2a4f40e34c4795fb08a5dcf9544c3b6728114ef369d86a868fbe8e,19d4a3d4f8f726d7ad123a91561b642afbfe3858497fb0735c9c5a6fdd2238f0,False,False,26.87403693966336
data/cv/raw/03/0101/03_03_0101_(22_12_16_10_38_36)_c.mp4,0101,03,تحليل دم,test,80,80,30.0,2.6666666666666665,1920,1080,2470175,e7ca40abe4215db2342a671b66b9a1bb901528840b859f633562570e637b3504,54228045d7db94bb104bd2e07d121351b1a9d745f72710b51570eddee16f2ce9,False,False,27.518204085299246
data/cv/raw/03/0103/03_03_0103_(18_12_16_17_47_45)_c.mp4,0103,03,فحص النظر,test,91,91,30.0,3.033333333333333,1920,1080,2476366,3ab30bd3653e268628021698c7510b9ca9bccff7af1c3723207ee0c44e52854c,1a443c693bbc9a53f17ce16ac59e4b905907ca0199ff69107eb76cdb60b2faaf,False,False,23.91811824308354
data/cv/raw/03/0103/03_03_0103_(18_12_16_17_48_30)_c.mp4,0103,03,فحص النظر,test,89,89,30.0,2.966666666666667,1920,1080,2364936,02a47aa57716c46350dfbce8d2988a4e1cd424e9305e61b8e0cc073cf423652b,a6128edd12f86a43c4fcf7c24aed9df0b931f9ea2a946aef93eb8256049317ce,False,False,23.715863941261233
data/cv/raw/03/0103/03_03_0103_(18_12_16_17_50_13)_c.mp4,0103,03,فحص النظر,test,95,95,30.0,3.1666666666666665,1920,1080,2536704,141b5a27560c0fe263ab5f91a83e1b0708a2ed5a8aee808c0c7afa3b252720f3,d6589cd621688f62a24b6423f7a159feb4a11adaa8ecb7b28279899c2373282d,False,False,22.836922702614533
data/cv/raw/03/0103/03_03_0103_(22_12_16_10_44_11)_c.mp4,0103,03,فحص النظر,test,57,57,30.0,1.9,1920,1080,1894143,0bd1702295e91a6a6c74e8a1d3b7f505929fab23637fd937c65340bafacee127,315dafce44fd070bed13d6156a5e66234baf3f089676d2b7fe21d179958015e9,False,False,29.55249662212947
data/cv/raw/03/0103/03_03_0103_(22_12_16_10_44_17)_c.mp4,0103,03,فحص النظر,test,61,61,30.0,2.033333333333333,1920,1080,2018186,82beeecc887342fb1ee983867ad5d5096cbb3fda4b3b10b6e2363bed51082216,561c4aa4b946531873a7ffb512ba827a4ecce5ed514c2fe2dea6fa9bfc344e99,False,False,28.89258558192614
data/cv/raw/03/0103/03_03_0103_(22_12_16_10_44_31)_c.mp4,0103,03,فحص النظر,test,68,68,30.0,2.2666666666666666,1920,1080,2291347,fc05c9723beaaeff1f91388188e396448c7aafedcc6767b1591fbf1053f3ef30,85f672564a58713b42d8de2ecf494adf25995e550b49fda4c2eb1a4af1ce485d,False,False,29.144020301421737
data/cv/raw/03/0103/03_03_0103_(22_12_16_10_44_51)_c.mp4,0103,03,فحص النظر,test,64,64,30.0,2.1333333333333333,1920,1080,2172698,a5a3ac9e6525f18658f7d90799a595ed2e0cbe681d7e60b59634ac918a01cc84,4b567f50ee42dfa453d548c4998467abf3de0a2b3bcb78c28b1f0a7ce14da8be,False,False,30.425060517256874
data/cv/raw/03/0103/03_03_0103_(22_12_16_10_45_43)_c.mp4,0103,03,فحص النظر,test,71,71,30.0,2.3666666666666667,1920,1080,2333431,088c7cb005694f4ff972c83d402d5313add96d99b6dead947c111b2bc38e9967,0ca980b140840fa3b356745977c66830b9608f6f7c0d799532e7ce6962afb391,False,False,30.661265413340757
data/cv/raw/03/0108/03_03_0108_(18_12_16_18_00_31)_c.mp4,0108,03,تحليل طبي,test,84,84,30.0,2.8,1920,1080,2178323,7bfa28fb147c5f439003343fa3968cf9ccd46d92238189383ee36798b61d78af,56855037e7c019ad1a3dd19f9972d2791672eb45a8fc9a2dc02c12838d0af962,False,False,21.368292543291307
data/cv/raw/03/0108/03_03_0108_(18_12_16_18_01_10)_c.mp4,0108,03,تحليل طبي,test,103,103,30.0,3.433333333333333,1920,1080,2652786,b5f246340ce43c35a0a8dd125cb6220df9878bdb1b6c887aa3d1d37d1eaed8a5,ca3627356070ffe6bc0194e4fd320e5bd1d5eba326069a7bf0fa36059d95218e,False,False,21.68506941708514
data/cv/raw/03/0108/03_03_0108_(18_12_16_18_02_10)_c.mp4,0108,03,تحليل طبي,test,89,89,30.0,2.966666666666667,1920,1080,2268885,85c2915b7fe1eabf3f9f38b9c009800b434cc17d5975d99733d3a07a504f5d31,0f383a2903f06885f25110c79b8a75c11d0fc369ed4a47858fc70763527248c5,False,False,22.58281659099496
data/cv/raw/03/0108/03_03_0108_(22_12_16_16_16_11)_c.mp4,0108,03,تحليل طبي,test,87,87,30.0,2.9,1920,1080,2382637,34791f466c0d3c8ca54a76eb3d8f1be88e2a82aee5ca70ad69a229cae61e41b1,6b156dcc2815a1fd1f885848e5879286254c220ee77f6cd4d6143d81dd6a2dcd,False,False,25.729006515956204
data/cv/raw/03/0108/03_03_0108_(22_12_16_16_16_24)_c.mp4,0108,03,تحليل طبي,test,89,89,30.0,2.966666666666667,1920,1080,2363470,80804e26ab20369b04bf1d51e6ca9b9fcd57deb610e1b77edf631d25a4fc9b26,39cc8880a480d1e160d5865093e9918d496d076fd36d7f5704905c10f4604c1b,False,False,25.16630229912333
data/cv/raw/03/0108/03_03_0108_(22_12_16_16_16_31)_c.mp4,0108,03,تحليل طبي,test,83,83,30.0,2.7666666666666666,1920,1080,2149821,77cf113a9189371145f22ca70b19fcf5fdb2658f31785ff2cf2515f59a91354b,bc7300fca92d77c85f7f610246baea0c503a17b7c1cc8cef212af717d474178d,False,False,24.55610289645213
data/cv/raw/03/0108/03_03_0108_(22_12_16_16_17_18)_c.mp4,0108,03,تحليل طبي,test,76,76,30.0,2.533333333333333,1920,1080,2246294,10dfd8e79d12e6b2a3f26d8e78380cc831968e32c3bc6369be8528768726f3e7,f74afe6a226bc1e1386ed59d57abeb8ebbbb33dfb73d6e7f68d4b3053c3e3e65,False,False,30.090551674891763
data/cv/raw/03/0108/03_03_0108_(22_12_16_16_18_14)_c.mp4,0108,03,تحليل طبي,test,75,75,30.0,2.5,1920,1080,2163648,fcb28212834e01cdf82b231df5fd21b2fce593eaabb50e6a6c784effc68cab57,1b985cc105a675c8ab0f5bb8b66c85ce836c5d30a2048535a737cf7acfc7b179,False,False,26.59686775584954
data/cv/raw/03/0109/03_03_0109_(18_12_16_18_05_24)_c.mp4,0109,03,معمل التحاليل / مختبر,test,63,63,30.0,2.1,1920,1080,1620919,134d73fbc7f12e4fe2e96a86ab3e6e42ff1f17de24ea71977d1e540ac8994c53,c8b5e9c193cee8419ae23169ecb7db45f170a220236520e9ee25e8708c9e102e,False,False,22.161463126180607
data/cv/raw/03/0109/03_03_0109_(18_12_16_18_05_46)_c.mp4,0109,03,معمل التحاليل / مختبر,test,72,72,30.0,2.4,1920,1080,1866247,13765cc0c4c107d83e0a054f423f41ef5090e310fcee40b59de1c4b894fdecd5,fe5dd79064e02e9ee421624273555f1e3f458737e54740b04c7d2c203f5cea14,False,False,21.199463688720364
data/cv/raw/03/0109/03_03_0109_(18_12_16_18_06_02)_c.mp4,0109,03,معمل التحاليل / مختبر,test,69,69,30.0,2.3,1920,1080,1779245,342df8f8afef912a515e694c6fb22ae20f99c30bedbe949ac891dc8a4fb27dad,465df1d0e096f2693c64102a9b487d45f20e9d54e31da80da33670de8547d797,False,False,23.023641229420498
data/cv/raw/03/0109/03_03_0109_(18_12_16_18_07_02)_c.mp4,0109,03,معمل التحاليل / مختبر,test,79,79,30.0,2.6333333333333333,1920,1080,2025180,efc20b9cede956192dee25a120ac03025710f286cf0f6ed6abbd6d0cc72886a0,d662e11913efe5617f446b07e44ec5737e48a2ac9df5cf9f1a04f15ce229994a,False,False,21.413879212673272
data/cv/raw/03/0109/03_03_0109_(22_12_16_16_19_30)_c.mp4,0109,03,معمل التحاليل / مختبر,test,64,64,30.0,2.1333333333333333,1920,1080,2063798,654e9496cb185511627be9a25eaa1196ec4d0cc54e97da4dc2eee231ede3339f,05135babce4970d6b84dc16dc1ad90a17f0d70d8fc914df5233d219a520703b3,False,False,24.00636813244697
data/cv/raw/03/0109/03_03_0109_(22_12_16_16_19_39)_c.mp4,0109,03,معمل التحاليل / مختبر,test,63,63,30.0,2.1,1920,1080,1826714,07a5e468069fffcb872c0b568d9804bd6038a04224918a6713b7855a441d3a26,1dc4438de13446f787e471913ab1ae65ea24041f53bbf844c97e855f71fb1524,False,False,23.261469408832696
data/cv/raw/03/0109/03_03_0109_(22_12_16_16_20_11)_c.mp4,0109,03,معمل التحاليل / مختبر,test,68,68,30.0,2.2666666666666666,1920,1080,1913558,050f9dc5ba8f0edbd58706257cc7511e60fc438d91e191f287ff60b17eb9d3df,ccca2adf1876cfd5a6cccec9a2764d192046a474f8faf03073b536b04517ffde,False,False,24.360330090217957
data/cv/raw/03/0109/03_03_0109_(22_12_16_16_21_27)_c.mp4,0109,03,معمل التحاليل / مختبر,test,69,69,30.0,2.3,1920,1080,1955233,b078176ff7ac4ee23f23022bb289a7b36dde1201fb6bf32461c3cf4de5e9fd27,d278cec16f44ea224dcac36d9356394038471f5944447822a2493007f87f2d1e,False,False,23.836985188688008
data/cv/raw/03/0110/03_03_0110_(18_12_16_18_10_20)_c.mp4,0110,03,صورة اشعة,test,98,98,30.0,3.2666666666666666,1920,1080,2612381,d6c299c42fb95f43befff9fe7231c758f3ae81df7d7226b6e133092b3049e62b,d65c8dceaa22e0715c2a47dd20da67f3d06c0def250407cc3691c7b86d26f2bf,False,False,27.11013934950734
data/cv/raw/03/0110/03_03_0110_(18_12_16_18_10_27)_c.mp4,0110,03,صورة اشعة,test,101,101,30.0,3.3666666666666667,1920,1080,2725239,1acdae82bfddae3ef90c6e7932821c40a4fbf9980d22cd0a59a8a231d59f2aa0,1d59ba1c41a5103143dfefd75feee03beb3173620d96864b1f9548daa569096e,False,False,28.011811308771613
data/cv/raw/03/0110/03_03_0110_(22_12_16_16_22_24)_c.mp4,0110,03,صورة اشعة,test,82,82,30.0,2.7333333333333334,1920,1080,2228926,c33a160a258a8d1b4181ffbbd62bf2ea7f2d6d194f69c51a3ba22c59af9578a4,d1497d822460716b77388fdbffb6610fe3b48e8a7d64ff5e9b24a3e835c6275b,False,False,33.19247800269794
data/cv/raw/03/0110/03_03_0110_(22_12_16_16_22_53)_c.mp4,0110,03,صورة اشعة,test,77,77,30.0,2.566666666666667,1920,1080,2040541,da4d9cf9c58ce751f77a973555c97047fed54343015e1b1115a3e039abb436c9,a2118dbc36fcfae0c16b34bb86be52a498692171583c3623a0fce6a5e2841ab5,False,False,36.506704267871896
data/cv/raw/03/0110/03_03_0110_(22_12_16_16_23_05)_c.mp4,0110,03,صورة اشعة,test,74,74,30.0,2.466666666666667,1920,1080,2063981,95fa354a4d95aba4a1924bfffae3aa2b9e02cc67608d5e464f300fe47167fdc0,bd97a01d434aa0f80c0095c65616886369d8e90dd1d60c63de0f6300eeac6f1b,False,False,33.72608842912955
data/cv/raw/03/0110/03_03_0110_(22_12_16_16_23_16)_c.mp4,0110,03,صورة اشعة,test,75,75,30.0,2.5,1920,1080,2072562,18919df6f5642c52b4754163f7b010ee031505ea00084d2b8f33f2f3f8c42ad9,9df05221a8ed4baf52fe31ad3833caa8e3f9a30565750f5b5cb82a0dc5d5b920,False,False,34.734630578171405
data/cv/raw/03/0110/03_03_0110_(22_12_16_16_23_23)_c.mp4,0110,03,صورة اشعة,test,75,75,30.0,2.5,1920,1080,2090189,6965fdf5d4ee929295eef3897f57c817d18f8459ee283a0521f82cb1db271f36,1e03b20187236a855bd39c3be987500f92d60f3b598a9e9bb82e7ce6f9b2d2f7,False,False,33.5539823937352
data/cv/raw/03/0110/03_03_0110_(22_12_16_16_24_25)_c.mp4,0110,03,صورة اشعة,test,76,76,30.0,2.533333333333333,1920,1080,2152381,ae6c32b906587e46f6ed11e45788f0c068b0cb242eaf4d4a4377271c2d1cfb9a,ce7400f70f4ba5460f131a987311e73092aa0ccd19de53eec44a57a8cf6b6867,False,False,36.58280519300966
data/cv/raw/03/0115/03_03_0115_(18_12_16_18_26_19)_c.mp4,0115,03,صداع,test,84,84,30.0,2.8,1920,1080,2135917,c648c7ba10f1bc66fafec3168c50126ce72ed58e9d0a65f605646acf6da1d5ef,d9bef9ee2821f7f9e361d05815c5b1c46453f5cd97c8d77e3513074ba4266837,False,False,23.404809180518583
data/cv/raw/03/0115/03_03_0115_(18_12_16_18_26_25)_c.mp4,0115,03,صداع,test,67,67,30.0,2.2333333333333334,1920,1080,1818759,70875ac0e237a3933ee15c67a0647baa21befbff3de473cf656d6f41c7e84560,7ceae6d7cdf639a8eee0b7bb73849ec836c53f65e5c5b59c85cc9abc8df12c0e,False,False,23.075380235101335
data/cv/raw/03/0115/03_03_0115_(18_12_16_18_26_41)_c.mp4,0115,03,صداع,test,71,71,30.0,2.3666666666666667,1920,1080,1894961,a66b38939a6f50e592d09b1ec38c585513d5f96ebd736cb9c84cafb72e65aa3e,b32061673f55ecce0f21b1f4ef97f62b790a125cb8aafa9a714e2eee9f6464bf,False,False,22.898495842658146
data/cv/raw/03/0115/03_03_0115_(18_12_16_18_27_01)_c.mp4,0115,03,صداع,test,86,86,30.0,2.8666666666666667,1920,1080,2188283,2d537ed8c1732381b85c8169009f545989e03dbd769e1d40452c080d3c9d9353,062e6e680fd44d70b633cf96599ebaffcabd76dd91de3c2078b92fe24dbea4eb,False,False,23.014061001643196
data/cv/raw/03/0115/03_03_0115_(18_12_16_18_27_39)_c.mp4,0115,03,صداع,test,84,84,30.0,2.8,1920,1080,2184094,439dbbd68cf528b5317680faa35d99509ac7bed834078fffc3e5c8066870945b,54fa300b2baf60ef3444455a125ad498bcaf6e2136995b157c413b1a5b116486,False,False,23.09615157091129
data/cv/raw/03/0115/03_03_0115_(22_12_16_16_36_43)_c.mp4,0115,03,صداع,test,71,71,30.0,2.3666666666666667,1920,1080,1919304,76901b6023f44381e3561b9b09c85fab8f40c8e713caa24bdf36fe3a6245c417,48cb43fc9c27396c803300ba7c4533eb8b8d5f68502cc20bc75806ce5ee6dabf,False,False,41.31090711275277
data/cv/raw/03/0115/03_03_0115_(22_12_16_16_37_08)_c.mp4,0115,03,صداع,test,56,56,30.0,1.8666666666666667,1920,1080,1596719,7a20630c807f53126db094b6a06fe078259427c3b9ae98b59080ba25a4c495e5,0a804e7db96d086dad1581fba7fde756e8506fee4c18f44f8932daeba9efd8be,False,False,41.16984131876883
data/cv/raw/03/0115/03_03_0115_(22_12_16_16_37_44)_c.mp4,0115,03,صداع,test,62,62,30.0,2.066666666666667,1920,1080,1838719,633dd247e16ec5dab152d71e675a561ce9d65d17edca1efe8bf3fe15d7d8bb3b,ee942188a65b7a8513790a5b28a1ce792eeffaeb43d6b4d2a84c8695c26ecc82,False,False,40.02171936294412
data/cv/raw/03/0116/03_03_0116_(18_12_16_18_29_04)_c.mp4,0116,03,ألم,test,44,44,30.0,1.4666666666666666,1920,1080,1194685,e9eb986815e24677fd6db9fad517c9c922f3a73d2633b8516c9299eee0eba931,d06cca4856eb7e6695ef7cf7b4c1126e1086f98f19e286cd996669f67917188e,False,False,29.75297525497446
data/cv/raw/03/0116/03_03_0116_(18_12_16_18_29_56)_c.mp4,0116,03,ألم,test,48,48,30.0,1.6,1920,1080,1349499,2ed930d1002c7e0a6b8778917eb0c123bd1b68ce78223e3ee86c5e6121d2ec66,1a76021a9a559f7d7482c84e6ac50449b547aac7ea8a3facd05adf83f11887da,False,False,30.64968315383453
data/cv/raw/03/0116/03_03_0116_(22_12_16_16_38_47)_c.mp4,0116,03,ألم,test,35,35,30.0,1.1666666666666667,1920,1080,725675,48c222b88ca2fbc73ae6e477e5705dbc4037a20f5ab34f3db924bd8351add3ba,68d8cbdd68825e228e3e57f7ebe55f69529020f0523c85f5a285fe27ac64df99,False,False,40.76720869957683
data/cv/raw/03/0116/03_03_0116_(22_12_16_16_39_39)_c.mp4,0116,03,ألم,test,37,37,30.0,1.2333333333333334,1920,1080,859771,e6ae43cf48096a02f098c50b33ab9f010930eabad3597ad71c74a7ee55c5c696,6c6989b8c76fb54fadb8e23707c62ffb275c3876b1c6c457725c01958098b780,False,False,40.59048850017071
data/cv/raw/03/0116/03_03_0116_(22_12_16_16_39_54)_c.mp4,0116,03,ألم,test,34,34,30.0,1.1333333333333333,1920,1080,790464,36b147bdd778486776fd127dd4d98243fcfd8b3ce2fa3e2687b53098998e142b,7a0ea87e4e667d2d653882776e7400412c06d1f49b076d909848d38862eecbf7,False,False,40.634844708097525
data/cv/raw/03/0116/03_03_0116_(22_12_16_16_39_57)_c.mp4,0116,03,ألم,test,32,32,30.0,1.0666666666666667,1920,1080,732439,755031334b1fcc3172df5104e141659014e36b8b17b0d3b9033cc01e20a9234a,de9efc272d5bf8b9c047639079f5b21844619da8a10763d79e22b165e74cb6d0,False,False,40.03715227844466
data/cv/raw/03/0116/03_03_0116_(22_12_16_16_40_00)_c.mp4,0116,03,ألم,test,31,31,30.0,1.0333333333333334,1920,1080,715607,3a33903742597ce5731f3ba097cecb64b1e590d585067207d961f22b95e89525,c147fc39acf9ca75cd56166b0ef9623a49767b268f1bc0865500902d62ecb5cc,False,False,39.45941597468349
data/cv/raw/03/0116/03_03_0116_(22_12_16_16_40_16)_c.mp4,0116,03,ألم,test,35,35,30.0,1.1666666666666667,1920,1080,817287,198f4225934cb31f44e2dd3547f03b4c144278105bd9ea6b9b0487b8c5ffae42,0dceb603813fecca3654a62ff6a926bbb14f05e1f3c5ef2c403f7f8ceffa7243,False,False,39.7608309029115
data/cv/raw/03/0129/03_03_0129_(16_03_17_16_11_24)_c.mp4,0129,03,ضغط الدم,test,59,59,30.0,1.9666666666666666,1920,1080,2142644,cd4b0be622d39e4669055c79f42e9bae0199e78ad0d561d323ea8fb5b0ec8557,2d95a0f6fd38a421cfe151bd9a09264555b97ad3d39fc50437738f821f3b1bc4,False,False,56.2011678106028
data/cv/raw/03/0129/03_03_0129_(16_03_17_16_11_28)_c.mp4,0129,03,ضغط الدم,test,50,50,30.0,1.6666666666666667,1920,1080,1713532,b9f6c8dc665ca0c3e146d174890ae71cdeed51bcf9ef5cbefcf24cc7f50310a1,718652d8d12a80905f6b803b3aeca54c3ffdba68bbb12e6ac8a21bf60c9a55b5,False,False,53.17133036863016
data/cv/raw/03/0129/03_03_0129_(16_03_17_16_11_43)_c.mp4,0129,03,ضغط الدم,test,53,53,30.0,1.7666666666666666,1920,1080,1745406,7529dd43f9ad08f7a0efc10a6b32ffbcd002fe8f6c068810280b1a3ff7bc16ed,ca324a5b9c3b9c592dc4185452b9c9126edbbd4a15965b9eea4832d733cb1b35,False,False,52.04565434054546
data/cv/raw/03/0129/03_03_0129_(16_03_17_16_12_14)_c.mp4,0129,03,ضغط الدم,test,39,39,30.0,1.3,1920,1080,627032,f2b96956fe0cb61d244d10c46c7b2fcbc3bcc05a7ca954bf1f36c5199e8d88e0,afd42e3526e34bc0b1c7daee2b0775845a94b98f044439177cebd90fb7081d50,False,False,51.47668536604661
data/cv/raw/03/0129/03_03_0129_(20_02_17_18_00_35)_c.mp4,0129,03,ضغط الدم,test,46,46,30.0,1.5333333333333334,1920,1080,1391338,922ba541e1dc0c4f5d4cd42cfce99974d1ce7321c374edaab0458c638b4a46ec,952a3f58d6f40b16b9c3be2d326230d51fb5ffd7ae4482a15fa03039c90cbe70,False,False,33.02595482937744
data/cv/raw/03/0129/03_03_0129_(20_02_17_18_01_01)_c.mp4,0129,03,ضغط الدم,test,49,49,30.0,1.6333333333333333,1920,1080,1586365,433995bd58b3690bf37a078559ae3091f8401547dbd4e77f9c10ba7a7bf17b7e,f5921f406d17e5e7b96a84cc7c056cb14593e3cad9b3f19eb2eae0dce73344f5,False,False,34.82334150340762
data/cv/raw/03/0129/03_03_0129_(20_02_17_18_01_20)_c.mp4,0129,03,ضغط الدم,test,49,49,30.0,1.6333333333333333,1920,1080,1611411,256fccbec29f9e3591ef1f211e88d536753692e9e7c28e6f8bf0ddbc2d024d13,ab4a8c80e332c9e0ba3cc05b733b8428412de5e989f6fd4435e730eb043a27cd,False,False,35.015388668774165
data/cv/raw/03/0129/03_03_0129_(20_02_17_18_01_46)_c.mp4,0129,03,ضغط الدم,test,47,47,30.0,1.5666666666666667,1920,1080,1386084,2d79c91c017290199b93ab250d0e80d7941f0ed60b547150131be438b268db13,43e83cae12985271a33320399186afb59033207988de9c72e14236ea44a9cb8e,False,False,34.67986684328791
data/cv/raw/03/0132/03_03_0132_(16_03_17_16_25_31)_c.mp4,0132,03,دواء,test,48,48,30.0,1.6,1920,1080,1415532,8966336680dc8f69a47ce4a43e1dd82db423123bf6be5f3430d2ecb2b2d235c9,128959ce69d2d74998ce3e80984f8040fd5859e472be02d9c73edcf12c376f91,False,False,50.49001802008277
data/cv/raw/03/0132/03_03_0132_(16_03_17_16_25_47)_c.mp4,0132,03,دواء,test,49,49,30.0,1.6333333333333333,1920,1080,1402850,5bc7fe01fb01b6b4862705f4e3c02779a7c901ce923ed75ec475646a4c8b00a9,b34fb2ce04029d6d39989ba3d362b5888674f6fadea432cf80290d9b8d2e1c7f,False,False,52.16450109207149
data/cv/raw/03/0132/03_03_0132_(16_03_17_16_26_18)_c.mp4,0132,03,دواء,test,53,53,30.0,1.7666666666666666,1920,1080,1648815,ea53cb44ddb0ec094e2677663558cd7c7c9d208cbf90e2b13a25caef9631ae8b,e352bf831935b787717978a50baac89a0e06337136ffaee3829888c900de51c7,False,False,53.68396989216583
data/cv/raw/03/0132/03_03_0132_(16_03_17_16_26_36)_c.mp4,0132,03,دواء,test,48,48,30.0,1.6,1920,1080,1326322,5b9e804fb0453ed6731ff2e7b2c2758bd2b918f135c134dde03cf403fc684913,a4dfb84b127680e6ca364be682af664b19a4999657e6fea3d8f6f7195201c193,False,False,54.39312497750207
data/cv/raw/03/0132/03_03_0132_(20_02_17_18_17_07)_c.mp4,0132,03,دواء,test,52,52,30.0,1.7333333333333334,1920,1080,1767621,57ea90788156107db07bd8be4bc106a4b0390de83f15a8d93b7234a3ee042e9d,6424eb15a7f97d27b91ab6d1aa050ae79d2e0ddfc4c6f4933838e9042b45b809,False,False,35.367718814857646
data/cv/raw/03/0132/03_03_0132_(20_02_17_18_17_18)_c.mp4,0132,03,دواء,test,51,51,30.0,1.7,1920,1080,1857701,eff45bff3023ee10284ef90ff302327d9f01f9763946ab99a5c8bc36663f36bc,8b07f848d7f01c38707a943e1f0e053e9b0534d08c49f8459f96506237be2abf,False,False,37.33337030311145
data/cv/raw/03/0132/03_03_0132_(20_02_17_18_17_22)_c.mp4,0132,03,دواء,test,50,50,30.0,1.6666666666666667,1920,1080,1849431,3f621fb82c28d5c010e3b5966eb8a4048543e81c5ab0cb7cb209c82286808e96,07feebe2f1622b5c1fb5e7001a9f52a429c4e1eb1c775c8e1f9d036847d80eb1,False,False,35.658159019790226
data/cv/raw/03/0132/03_03_0132_(20_02_17_18_17_36)_c.mp4,0132,03,دواء,test,49,49,30.0,1.6333333333333333,1920,1080,1675317,296f5826e48d8d931d65daba7fdf8b3242ff76a4fc19430c40c33bd826d41b78,3a71c49aa7462a6f2b74cc822fc1d8fae56d8aff34ad6e6fa496531a4e61aaa2,False,False,34.54744081438144
